-- phpMyAdmin SQL Dump
-- version 4.2.5
-- http://www.phpmyadmin.net
--
-- Host: localhost:3306
-- Generation Time: Feb 07, 2015 at 11:01 PM
-- Server version: 5.6.22
-- PHP Version: 5.5.14

SET SQL_MODE = "NO_AUTO_VALUE_ON_ZERO";
SET time_zone = "+00:00";


/*!40101 SET @OLD_CHARACTER_SET_CLIENT=@@CHARACTER_SET_CLIENT */;
/*!40101 SET @OLD_CHARACTER_SET_RESULTS=@@CHARACTER_SET_RESULTS */;
/*!40101 SET @OLD_COLLATION_CONNECTION=@@COLLATION_CONNECTION */;
/*!40101 SET NAMES utf8 */;

--
-- Database: `Bundjalung`
--

-- --------------------------------------------------------

--
-- Table structure for table `auth_cas`
--

CREATE TABLE IF NOT EXISTS `auth_cas` (
`id` int(11) NOT NULL,
  `user_id` int(11) DEFAULT NULL,
  `created_on` datetime DEFAULT NULL,
  `url` varchar(255) DEFAULT NULL,
  `uuid` varchar(255) DEFAULT NULL
) ENGINE=MyISAM DEFAULT CHARSET=utf8 AUTO_INCREMENT=1 ;

-- --------------------------------------------------------

--
-- Table structure for table `auth_event`
--

CREATE TABLE IF NOT EXISTS `auth_event` (
`id` int(11) NOT NULL,
  `time_stamp` datetime DEFAULT NULL,
  `client_ip` varchar(255) DEFAULT NULL,
  `user_id` int(11) DEFAULT NULL,
  `origin` varchar(255) DEFAULT NULL,
  `description` longtext
) ENGINE=MyISAM  DEFAULT CHARSET=utf8 AUTO_INCREMENT=536 ;

--
-- Dumping data for table `auth_event`
--

INSERT INTO `auth_event` (`id`, `time_stamp`, `client_ip`, `user_id`, `origin`, `description`) VALUES
(2, '2011-07-16 21:37:18', '127.0.0.1', NULL, 'auth', 'User 1 Logged-in'),
(4, '2011-07-16 21:46:45', '127.0.0.1', NULL, 'auth', 'User 1 Logged-in'),
(6, '2011-07-16 22:48:54', '127.0.0.1', NULL, 'auth', 'User 2 Logged-in'),
(8, '2011-07-16 22:50:14', '127.0.0.1', NULL, 'auth', 'User 1 Logged-in'),
(10, '2011-07-16 22:51:47', '127.0.0.1', NULL, 'auth', 'User 2 Logged-in'),
(12, '2011-07-16 22:54:22', '127.0.0.1', NULL, 'auth', 'User 1 Logged-in'),
(14, '2011-07-17 10:34:20', '127.0.0.1', NULL, 'auth', 'User 1 Logged-in'),
(16, '2011-07-17 16:21:15', '127.0.0.1', NULL, 'auth', 'User 1 Logged-in'),
(18, '2011-07-17 16:29:09', '127.0.0.1', NULL, 'auth', 'User 1 Logged-in'),
(20, '2011-07-17 17:01:35', '127.0.0.1', NULL, 'auth', 'User 1 Logged-in'),
(22, '2011-07-17 17:36:36', '127.0.0.1', NULL, 'auth', 'User 2 Logged-in'),
(24, '2011-07-17 18:35:36', '127.0.0.1', NULL, 'auth', 'User 2 Logged-in'),
(25, '2011-07-18 10:21:49', '58.173.105.113', NULL, 'auth', 'User 1 Logged-in'),
(27, '2011-07-18 11:18:46', '127.0.0.1', NULL, 'auth', 'User 1 Logged-in'),
(29, '2011-07-18 11:23:22', '127.0.0.1', NULL, 'auth', 'User 1 Logged-in'),
(31, '2011-07-18 11:39:11', '127.0.0.1', NULL, 'auth', 'User 1 Logged-in'),
(33, '2011-07-18 11:56:27', '58.173.105.113', NULL, 'auth', 'User 1 Logged-in'),
(35, '2011-07-18 12:00:11', '58.173.105.113', NULL, 'auth', 'User 1 Logged-in'),
(37, '2011-07-18 12:06:11', '58.173.105.113', NULL, 'auth', 'User 1 Logged-in'),
(38, '2011-07-18 12:17:04', '127.0.0.1', NULL, 'auth', 'User 2 Logged-in'),
(39, '2011-07-20 21:13:33', '127.0.0.1', NULL, 'auth', 'User 1 Logged-in'),
(40, '2011-07-20 21:52:02', '127.0.0.1', NULL, 'auth', 'User 1 Logged-in'),
(44, '2011-07-21 11:13:39', '58.173.105.113', NULL, 'auth', 'User 1 Logged-in'),
(45, '2011-07-21 20:51:15', '127.0.0.1', NULL, 'auth', 'User 1 Logged-in'),
(46, '2011-07-22 14:46:58', '127.0.0.1', NULL, 'auth', 'User 1 Logged-in'),
(48, '2011-07-22 15:02:12', '127.0.0.1', NULL, 'auth', 'User 1 Logged-in'),
(50, '2011-07-24 23:03:37', '127.0.0.1', NULL, 'auth', 'User 2 Logged-in'),
(53, '2011-07-24 23:26:32', '127.0.0.1', NULL, 'auth', 'User 2 Logged-in'),
(55, '2011-07-24 23:36:31', '127.0.0.1', NULL, 'auth', 'Group 6 created'),
(57, '2011-07-25 10:28:50', '127.0.0.1', NULL, 'auth', 'User 1 Logged-in'),
(59, '2011-07-25 10:49:24', '127.0.0.1', NULL, 'auth', 'User 1 Logged-in'),
(61, '2011-07-25 10:50:53', '127.0.0.1', NULL, 'auth', 'User 2 Logged-in'),
(64, '2011-07-25 14:02:40', '149.171.234.14', NULL, 'auth', 'User 1 Logged-in'),
(66, '2011-08-04 22:02:40', '60.231.221.213', NULL, 'auth', 'User 5 Logged-in'),
(67, '2011-08-05 13:31:11', '149.171.233.108', NULL, 'auth', 'User 1 Logged-in'),
(68, '2011-08-11 11:19:40', '203.45.34.236', NULL, 'auth', 'User 5 Logged-in'),
(70, '2011-08-11 11:20:23', '129.94.172.253', NULL, 'auth', 'User 1 Logged-in'),
(72, '2011-08-11 12:05:59', '203.45.34.236', NULL, 'auth', 'User 5 Logged-in'),
(74, '2011-08-11 16:17:41', '129.94.172.253', NULL, 'auth', 'User 1 Logged-in'),
(75, '2011-08-11 18:00:10', '129.94.175.2', NULL, 'auth', 'User 1 Logged-in'),
(76, '2011-08-11 18:37:12', '129.94.172.253', NULL, 'auth', 'User 1 Logged-in'),
(77, '2011-08-11 21:12:00', '127.0.0.1', NULL, 'auth', 'User 1 Logged-in'),
(79, '2011-08-15 15:01:23', '127.0.0.1', NULL, 'auth', 'User 1 Logged-in'),
(80, '2011-08-15 21:20:18', '127.0.0.1', NULL, 'auth', 'User 1 Logged-in'),
(82, '2011-08-17 14:41:35', '149.171.233.131', NULL, 'auth', 'User 1 Logged-in'),
(83, '2011-08-17 14:44:04', '203.45.34.236', NULL, 'auth', 'User 5 Logged-in'),
(85, '2011-08-23 16:34:57', '127.0.0.1', NULL, 'auth', 'User 1 Logged-in'),
(87, '2011-08-23 21:45:35', '127.0.0.1', NULL, 'auth', 'User 7 Logged-in'),
(90, '2011-08-23 21:47:14', '127.0.0.1', NULL, 'auth', 'User 7 Logged-in'),
(92, '2011-08-23 22:26:21', '127.0.0.1', NULL, 'auth', 'User 1 Logged-in'),
(94, '2011-08-23 23:10:56', '127.0.0.1', NULL, 'auth', 'User 2 Logged-in'),
(97, '2011-08-23 23:40:48', '127.0.0.1', NULL, 'auth', 'Group 14 created'),
(98, '2011-08-23 23:40:48', '127.0.0.1', 1, 'auth', 'User 1 Registered'),
(99, '2011-08-23 23:41:02', '127.0.0.1', 1, 'auth', 'User 1 Logged-out'),
(100, '2011-08-23 23:43:06', '127.0.0.1', NULL, 'auth', 'Group 15 created'),
(101, '2011-08-23 23:43:06', '127.0.0.1', 2, 'auth', 'User 2 Registered'),
(102, '2011-08-23 23:45:16', '127.0.0.1', 2, 'auth', 'User 2 Logged-out'),
(103, '2011-08-23 23:46:07', '127.0.0.1', NULL, 'auth', 'Group 16 created'),
(104, '2011-08-23 23:46:07', '127.0.0.1', 3, 'auth', 'User 3 Registered'),
(105, '2011-08-23 23:47:17', '127.0.0.1', 3, 'auth', 'User 3 Logged-out'),
(106, '2011-08-24 09:33:29', '127.0.0.1', NULL, 'auth', 'User 5 Logged-in'),
(107, '2011-08-24 09:34:13', '127.0.0.1', 5, 'auth', 'User 5 Password changed'),
(108, '2011-08-24 10:01:21', '127.0.0.1', 5, 'auth', 'User 5 Logged-out'),
(109, '2011-08-24 10:03:31', '127.0.0.1', NULL, 'auth', 'User 1 Logged-in'),
(110, '2011-08-24 10:23:32', '127.0.0.1', 1, 'auth', 'User 1 Profile updated'),
(111, '2011-08-24 10:44:42', '127.0.0.1', 1, 'auth', 'User 1 Profile updated'),
(112, '2011-08-24 11:06:01', '127.0.0.1', 1, 'auth', 'User 1 Logged-out'),
(113, '2011-08-24 11:09:10', '127.0.0.1', NULL, 'auth', 'User 1 Logged-in'),
(114, '2011-08-24 11:12:20', '127.0.0.1', 1, 'auth', 'User 1 Logged-out'),
(115, '2011-08-24 11:14:13', '203.45.34.236', NULL, 'auth', 'User 3 Logged-in'),
(116, '2011-08-24 11:14:37', '203.45.34.236', 3, 'auth', 'User 3 Logged-out'),
(117, '2011-08-24 11:14:49', '129.94.172.253', NULL, 'auth', 'User 3 Logged-in'),
(118, '2011-08-24 11:15:09', '129.94.172.253', 3, 'auth', 'User 3 Logged-out'),
(119, '2011-08-24 11:15:33', '203.45.34.236', NULL, 'auth', 'User 3 Logged-in'),
(120, '2011-08-24 11:15:44', '129.94.172.253', NULL, 'auth', 'User 1 Logged-in'),
(121, '2011-08-24 11:20:06', '129.94.172.253', 1, 'auth', 'User 1 Profile updated'),
(122, '2011-08-24 11:26:09', '129.94.172.253', 1, 'auth', 'User 1 Logged-out'),
(123, '2011-08-24 11:39:10', '127.0.0.1', NULL, 'auth', 'User 2 Logged-in'),
(124, '2011-08-24 11:40:25', '127.0.0.1', 2, 'auth', 'User 2 Logged-out'),
(125, '2011-08-24 11:40:40', '127.0.0.1', NULL, 'auth', 'User 1 Logged-in'),
(126, '2011-08-24 11:41:52', '127.0.0.1', 1, 'auth', 'User 1 Logged-out'),
(127, '2011-08-24 11:42:24', '127.0.0.1', NULL, 'auth', 'User 3 Logged-in'),
(128, '2011-08-24 11:43:56', '129.94.172.253', NULL, 'auth', 'User 3 Logged-in'),
(129, '2011-08-24 11:45:27', '127.0.0.1', 3, 'auth', 'User 3 Logged-out'),
(130, '2011-08-24 11:46:01', '127.0.0.1', NULL, 'auth', 'User 1 Logged-in'),
(131, '2011-08-24 12:07:17', '203.45.34.236', 3, 'auth', 'Group 17 created'),
(132, '2011-08-24 12:07:17', '203.45.34.236', 3, 'auth', 'User 3 Logged-out'),
(133, '2011-08-24 12:07:47', '203.45.34.236', NULL, 'auth', 'User 3 Logged-in'),
(134, '2011-08-24 15:15:05', '127.0.0.1', 1, 'auth', 'User 1 Logged-out'),
(135, '2011-08-24 15:19:21', '58.173.105.113', NULL, 'auth', 'User 3 Logged-in'),
(136, '2011-08-24 15:21:11', '127.0.0.1', NULL, 'auth', 'User 3 Logged-in'),
(137, '2011-08-24 19:57:19', '127.0.0.1', 3, 'auth', 'User 3 Logged-out'),
(138, '2011-08-24 20:05:13', '127.0.0.1', NULL, 'auth', 'User 3 Logged-in'),
(139, '2011-08-25 10:08:01', '127.0.0.1', 3, 'auth', 'User 3 Logged-out'),
(140, '2011-08-25 10:08:41', '127.0.0.1', NULL, 'auth', 'User 7 Registered'),
(141, '2011-08-25 10:15:41', '127.0.0.1', NULL, 'auth', 'User 8 Registered'),
(142, '2011-08-25 10:53:37', '127.0.0.1', NULL, 'auth', 'User 1 Logged-in'),
(143, '2011-08-25 11:31:07', '58.173.105.113', 3, 'auth', 'User 3 Logged-out'),
(144, '2011-08-25 11:31:44', '58.173.105.113', NULL, 'auth', 'User 9 Registered'),
(145, '2011-08-25 11:48:44', '127.0.0.1', 1, 'auth', 'User 1 Profile updated'),
(146, '2011-08-25 11:59:45', '127.0.0.1', 1, 'auth', 'User 1 Profile updated'),
(147, '2011-08-25 12:08:16', '127.0.0.1', 1, 'auth', 'User 1 Logged-out'),
(148, '2011-08-25 12:08:42', '58.173.105.113', NULL, 'auth', 'User 10 Registered'),
(149, '2011-08-25 12:33:39', '127.0.0.1', NULL, 'auth', 'User 1 Logged-in'),
(150, '2011-08-25 13:11:20', '58.173.105.113', NULL, 'auth', 'User 2 Logged-in'),
(151, '2011-08-25 15:48:02', '58.173.105.113', 2, 'auth', 'User 2 Logged-out'),
(152, '2011-08-25 15:48:43', '58.173.105.113', NULL, 'auth', 'User 1 Logged-in'),
(153, '2011-08-25 15:49:01', '127.0.0.1', 1, 'auth', 'User 1 Logged-out'),
(154, '2011-08-25 15:49:19', '127.0.0.1', NULL, 'auth', 'User 2 Logged-in'),
(155, '2011-08-25 15:52:11', '127.0.0.1', 2, 'auth', 'User 2 Logged-out'),
(156, '2011-08-25 15:52:25', '127.0.0.1', NULL, 'auth', 'User 1 Logged-in'),
(157, '2011-08-25 16:08:55', '127.0.0.1', 1, 'auth', 'User 1 Logged-out'),
(158, '2011-08-25 16:26:36', '127.0.0.1', NULL, 'auth', 'User 13 Registered'),
(159, '2011-08-25 16:35:45', '127.0.0.1', NULL, 'auth', 'User 14 Registered'),
(160, '2011-08-25 16:36:34', '127.0.0.1', NULL, 'auth', 'User 15 Registered'),
(161, '2011-08-25 16:36:36', '203.45.34.236', 3, 'auth', 'User 3 Logged-out'),
(162, '2011-08-25 16:37:27', '127.0.0.1', NULL, 'auth', 'User 2 Logged-in'),
(163, '2011-08-25 16:41:46', '127.0.0.1', 2, 'auth', 'User 2 Logged-out'),
(164, '2011-08-25 16:45:05', '127.0.0.1', NULL, 'auth', 'User 16 Registered'),
(165, '2011-08-25 17:13:31', '127.0.0.1', NULL, 'auth', 'User 17 Registered'),
(166, '2011-08-25 17:16:18', '127.0.0.1', NULL, 'auth', 'User 1 Logged-in'),
(167, '2011-08-25 17:55:32', '127.0.0.1', 1, 'auth', 'User 1 Logged-out'),
(168, '2011-08-25 17:56:07', '127.0.0.1', NULL, 'auth', 'User 19 Registered'),
(169, '2011-08-25 17:56:40', '127.0.0.1', NULL, 'auth', 'User 1 Logged-in'),
(170, '2011-08-25 18:15:01', '127.0.0.1', 1, 'auth', 'User 1 Logged-out'),
(171, '2011-08-25 18:15:48', '127.0.0.1', NULL, 'auth', 'User 2 Logged-in'),
(172, '2011-08-25 18:16:10', '127.0.0.1', 2, 'auth', 'User 2 Logged-out'),
(173, '2011-08-25 18:16:27', '127.0.0.1', NULL, 'auth', 'User 1 Logged-in'),
(174, '2011-08-25 18:16:36', '127.0.0.1', 1, 'auth', 'User 1 Logged-in'),
(175, '2011-08-25 18:20:17', '127.0.0.1', 1, 'auth', 'User 1 Logged-out'),
(176, '2011-08-25 18:27:13', '127.0.0.1', NULL, 'auth', 'User 1 Logged-in'),
(177, '2011-08-29 00:39:45', '149.171.233.32', NULL, 'auth', 'User 1 Logged-in'),
(178, '2011-08-29 07:40:18', '58.173.105.113', 1, 'auth', 'User 1 Logged-out'),
(179, '2011-08-29 07:53:40', '58.173.105.113', NULL, 'auth', 'User 1 Logged-in'),
(180, '2011-08-30 00:50:18', '58.173.105.113', 1, 'auth', 'User 1 Profile updated'),
(181, '2011-08-30 01:32:23', '58.173.105.113', 1, 'auth', 'User 1 Profile updated'),
(182, '2011-08-30 03:27:24', '58.173.105.113', 1, 'auth', 'User 1 Logged-out'),
(183, '2011-08-30 03:28:01', '58.173.105.113', NULL, 'auth', 'User 2 Logged-in'),
(184, '2011-08-30 03:28:37', '58.173.105.113', 2, 'auth', 'User 2 Profile updated'),
(185, '2011-08-30 03:52:58', '58.173.105.113', 2, 'auth', 'User 2 Logged-out'),
(186, '2011-08-30 03:59:43', '58.173.105.113', NULL, 'auth', 'User 1 Logged-in'),
(187, '2011-08-30 04:00:56', '58.173.105.113', 1, 'auth', 'User 1 Profile updated'),
(188, '2011-08-30 19:10:02', '58.173.105.113', 1, 'auth', 'User 1 Logged-out'),
(189, '2011-08-30 19:10:22', '58.173.105.113', NULL, 'auth', 'User 3 Logged-in'),
(190, '2011-08-30 19:37:25', '58.173.105.113', 3, 'auth', 'User 3 Logged-out'),
(191, '2011-08-30 19:39:29', '58.173.105.113', NULL, 'auth', 'User 3 Logged-in'),
(192, '2011-08-30 20:09:28', '58.173.105.113', 3, 'auth', 'User 3 Logged-out'),
(193, '2011-09-03 04:17:53', '58.173.105.113', NULL, 'auth', 'User 1 Logged-in'),
(194, '2011-09-04 20:26:13', '149.171.232.180', NULL, 'auth', 'User 1 Logged-in'),
(195, '2011-09-04 21:18:07', '149.171.232.180', 1, 'auth', 'User 1 Logged-out'),
(196, '2011-09-04 21:18:42', '149.171.232.180', NULL, 'auth', 'User 1 Logged-in'),
(197, '2011-09-04 21:18:53', '149.171.232.180', 1, 'auth', 'User 1 Logged-out'),
(198, '2011-09-04 21:19:16', '149.171.232.180', NULL, 'auth', 'User 3 Logged-in'),
(199, '2011-09-04 23:54:51', '149.171.232.180', 3, 'auth', 'User 3 Logged-out'),
(200, '2011-09-05 00:00:36', '149.171.232.180', NULL, 'auth', 'User 2 Logged-in'),
(201, '2011-09-05 00:22:36', '149.171.232.180', 2, 'auth', 'User 2 Logged-out'),
(202, '2011-09-05 00:23:03', '149.171.232.180', NULL, 'auth', 'User 2 Logged-in'),
(203, '2011-09-05 08:13:19', '58.173.105.113', 2, 'auth', 'User 2 Logged-out'),
(204, '2011-09-08 07:41:21', '58.173.105.113', NULL, 'auth', 'User 3 Logged-in'),
(205, '2011-09-08 23:36:25', '58.173.105.113', 3, 'auth', 'User 3 Logged-out'),
(206, '2011-09-08 23:36:44', '58.173.105.113', NULL, 'auth', 'User 3 Logged-in'),
(207, '2011-09-08 23:49:25', '58.173.105.113', 3, 'auth', 'User 3 Logged-out'),
(208, '2011-09-09 00:28:25', '58.173.105.113', NULL, 'auth', 'User 2 Logged-in'),
(209, '2011-09-09 01:17:28', '58.173.105.113', NULL, 'auth', 'User 2 Logged-in'),
(210, '2011-09-09 01:30:44', '58.173.105.113', 2, 'auth', 'User 2 Logged-out'),
(211, '2011-09-09 01:31:06', '58.173.105.113', NULL, 'auth', 'User 1 Logged-in'),
(212, '2011-09-09 03:46:42', '58.173.105.113', 1, 'auth', 'User 1 Logged-out'),
(213, '2011-09-10 20:33:53', '58.173.105.113', NULL, 'auth', 'User 1 Logged-in'),
(214, '2011-09-10 23:43:51', '58.173.105.113', 1, 'auth', 'User 1 Logged-out'),
(215, '2011-09-10 23:44:10', '58.173.105.113', NULL, 'auth', 'User 3 Logged-in'),
(216, '2011-09-11 09:03:45', '58.173.105.113', NULL, 'auth', 'User 3 Logged-in'),
(217, '2011-09-11 09:11:38', '58.173.105.113', 3, 'auth', 'User 3 Logged-out'),
(218, '2011-09-11 09:13:06', '58.173.105.113', NULL, 'auth', 'User 3 Logged-in'),
(219, '2011-09-11 09:15:59', '58.173.105.113', 3, 'auth', 'User 3 Logged-out'),
(220, '2011-09-11 09:24:11', '58.173.105.113', NULL, 'auth', 'User 1 Logged-in'),
(221, '2011-09-11 09:34:58', '58.173.105.113', 1, 'auth', 'User 1 Logged-out'),
(222, '2011-09-11 09:35:51', '58.173.105.113', NULL, 'auth', 'User 7 Logged-in'),
(223, '2011-09-11 09:37:59', '58.173.105.113', 7, 'auth', 'User 7 Logged-out'),
(224, '2011-09-12 19:33:07', '58.173.105.113', NULL, 'auth', 'User 1 Logged-in'),
(225, '2011-09-13 03:47:18', '58.173.105.113', NULL, 'auth', 'User 1 Logged-in'),
(226, '2011-09-13 04:59:11', '58.173.105.113', 1, 'auth', 'User 1 Logged-out'),
(227, '2011-09-13 05:01:20', '58.173.105.113', NULL, 'auth', 'User 1 Logged-in'),
(228, '2011-09-13 05:04:29', '58.173.105.113', 1, 'auth', 'User 1 Logged-out'),
(229, '2011-09-13 05:05:25', '58.173.105.113', NULL, 'auth', 'User 1 Logged-in'),
(230, '2011-09-13 07:51:42', '58.173.105.113', 1, 'auth', 'User 1 Logged-out'),
(231, '2011-09-13 08:01:29', '58.173.105.113', NULL, 'auth', 'User 1 Logged-in'),
(232, '2011-09-13 11:50:14', '58.173.105.113', NULL, 'auth', 'User 1 Logged-in'),
(233, '2011-09-13 19:33:46', '58.173.105.113', 1, 'auth', 'User 1 Logged-out'),
(234, '2011-09-13 19:36:59', '58.173.105.113', NULL, 'auth', 'User 2 Logged-in'),
(235, '2011-09-13 19:37:54', '58.173.105.113', 2, 'auth', 'User 2 Logged-out'),
(236, '2011-09-13 19:38:19', '58.173.105.113', NULL, 'auth', 'User 1 Logged-in'),
(237, '2011-09-13 20:08:18', '58.173.105.113', 1, 'auth', 'User 1 Logged-out'),
(238, '2011-09-13 20:12:45', '58.173.105.113', NULL, 'auth', 'User 1 Logged-in'),
(239, '2011-09-15 03:17:04', '58.173.105.113', NULL, 'auth', 'User 1 Logged-in'),
(240, '2011-09-17 03:24:48', '58.173.105.113', 1, 'auth', 'User 1 Logged-out'),
(241, '2011-09-17 03:25:20', '58.173.105.113', NULL, 'auth', 'User 1 Logged-in'),
(242, '2011-09-17 03:54:28', '58.173.105.113', 1, 'auth', 'User 1 Logged-out'),
(243, '2011-09-17 04:07:57', '58.173.105.113', NULL, 'auth', 'User 7 Logged-in'),
(244, '2011-09-17 04:12:21', '58.173.105.113', 7, 'auth', 'User 7 Logged-out'),
(245, '2011-09-17 23:18:12', '58.173.105.113', NULL, 'auth', 'User 1 Logged-in'),
(246, '2011-09-17 23:19:04', '58.173.105.113', 1, 'auth', 'User 1 Profile updated'),
(247, '2011-09-18 20:04:25', '58.173.105.113', NULL, 'auth', 'User 1 Logged-in'),
(248, '2011-09-18 20:47:25', '58.173.105.113', NULL, 'auth', 'User 1 Logged-in'),
(249, '2011-09-18 21:33:57', '58.173.105.113', NULL, 'auth', 'User 1 Logged-in'),
(250, '2011-09-19 02:58:04', '58.173.105.113', NULL, 'auth', 'User 1 Logged-in'),
(251, '2011-09-26 20:08:27', '110.141.214.18', NULL, 'auth', 'User 1 Logged-in'),
(252, '2011-09-27 21:34:21', '1.153.93.216', 1, 'auth', 'User 1 Logged-out'),
(253, '2011-09-27 21:35:40', '1.153.93.216', NULL, 'auth', 'User 7 Logged-in'),
(254, '2011-09-27 22:24:22', '124.182.244.149', NULL, 'auth', 'User 7 Logged-in'),
(255, '2011-09-27 22:48:11', '1.153.93.216', NULL, 'auth', 'User 1 Logged-in'),
(256, '2011-09-27 22:50:49', '1.153.93.216', 1, 'auth', 'User 1 Logged-out'),
(257, '2011-10-03 01:29:17', '165.228.189.186', NULL, 'auth', 'User 7 Logged-in'),
(258, '2011-10-10 08:26:16', '58.173.105.113', 7, 'auth', 'User 7 Logged-out'),
(259, '2011-10-10 08:30:40', '58.173.105.113', NULL, 'auth', 'User 1 Logged-in'),
(260, '2011-10-10 08:45:22', '58.173.105.113', 1, 'auth', 'User 1 Logged-out'),
(261, '2011-10-10 08:50:39', '58.173.105.113', NULL, 'auth', 'User 1 Logged-in'),
(262, '2011-10-10 22:00:31', '129.78.250.220', 1, 'auth', 'User 1 Profile updated'),
(263, '2011-10-10 22:00:53', '129.78.250.220', 1, 'auth', 'User 1 Profile updated'),
(264, '2011-10-11 19:48:11', '149.171.233.104', NULL, 'auth', 'User 1 Logged-in'),
(265, '2011-10-13 21:49:56', '149.171.233.252', 1, 'auth', 'User 1 Logged-out'),
(266, '2011-11-04 01:30:49', '149.171.232.241', NULL, 'auth', 'User 1 Logged-in'),
(267, '2012-01-05 22:46:49', '58.173.106.69', NULL, 'auth', 'User 1 Logged-in'),
(268, '2012-01-05 22:51:27', '127.0.0.1', NULL, 'auth', 'User 1 Logged-in'),
(269, '2012-01-15 19:59:43', '149.171.232.111', NULL, 'auth', 'User 1 Logged-in'),
(270, '2012-02-07 18:05:29', '149.171.232.58', NULL, 'auth', 'User 1 Logged-in'),
(271, '2012-02-08 02:51:29', '58.173.106.69', NULL, 'auth', 'User 1 Logged-in'),
(272, '2012-05-07 01:23:45', '129.78.251.80', NULL, 'auth', 'User 1 Logged-in'),
(273, '2012-05-07 01:24:31', '129.78.251.80', 1, 'auth', 'User 1 Logged-out'),
(274, '2012-05-23 01:50:53', '58.173.106.69', NULL, 'auth', 'User 1 Logged-in'),
(275, '2012-05-23 02:07:53', '58.173.106.69', 1, 'auth', 'User 1 Logged-out'),
(276, '2012-06-19 21:15:20', '149.171.233.35', NULL, 'auth', 'User 1 Logged-in'),
(277, '2012-08-22 00:52:56', '129.78.250.198', NULL, 'auth', 'User 1 Logged-in'),
(278, '2012-08-22 01:42:21', '129.78.250.198', 1, 'auth', 'User 1 Logged-out'),
(279, '2012-08-22 18:21:32', '58.173.104.42', NULL, 'auth', 'User 1 Logged-in'),
(280, '2012-11-04 18:49:31', '203.45.34.236', NULL, 'auth', 'User 5 Logged-in'),
(281, '2012-11-06 21:03:29', '60.241.193.107', NULL, 'auth', 'User 5 Logged-in'),
(282, '2012-11-06 21:04:26', '60.241.193.107', 5, 'auth', 'User 5 Logged-out'),
(283, '2012-11-06 21:06:40', '60.241.193.107', NULL, 'auth', 'User 5 Logged-in'),
(284, '2012-11-11 22:29:02', '203.45.34.236', NULL, 'auth', 'User 5 Logged-in'),
(285, '2012-11-11 22:30:44', '203.45.34.236', 5, 'auth', 'User 5 Logged-in'),
(286, '2012-11-12 19:00:29', '79.168.122.49', NULL, 'auth', 'User 1 Logged-in'),
(287, '2012-11-12 19:40:08', '79.168.122.49', NULL, 'auth', 'User 1 Logged-in'),
(288, '2012-11-13 02:44:29', '203.45.34.236', NULL, 'auth', 'User 5 Logged-in'),
(289, '2012-11-13 02:45:35', '203.45.34.236', 5, 'auth', 'User 5 Logged-out'),
(290, '2012-11-13 02:46:52', '203.45.34.236', NULL, 'auth', 'User 5 Logged-in'),
(291, '2012-11-13 04:23:20', '193.136.166.125', 1, 'auth', 'User 1 Logged-out'),
(292, '2012-12-29 08:57:29', '127.0.0.1', 1, 'auth', 'User 1 Logged-in'),
(293, '2012-12-30 03:16:34', '127.0.0.1', 1, 'auth', 'User 1 Logged-in'),
(294, '2012-12-30 03:45:51', '79.168.110.47', 1, 'auth', 'User 1 Logged-in'),
(295, '2012-12-30 03:46:03', '79.168.110.47', 1, 'auth', 'User 1 Logged-out'),
(296, '2012-12-30 03:46:21', '79.168.110.47', 1, 'auth', 'User 1 Logged-in'),
(297, '2012-12-30 04:01:40', '127.0.0.1', 1, 'auth', 'User 1 Logged-in'),
(298, '2012-12-30 04:05:06', '127.0.0.1', 1, 'auth', 'User 1 Logged-in'),
(299, '2012-12-30 04:05:25', '127.0.0.1', 1, 'auth', 'User 1 Logged-in'),
(300, '2012-12-30 04:06:25', '79.168.110.47', 1, 'auth', 'User 1 Logged-in'),
(301, '2012-12-30 04:18:16', '79.168.110.47', 1, 'auth', 'User 1 Logged-out'),
(302, '2012-12-30 04:18:50', '127.0.0.1', 1, 'auth', 'User 1 Logged-out'),
(303, '2012-12-30 04:20:11', '127.0.0.1', 1, 'auth', 'User 1 Logged-in'),
(304, '2012-12-30 04:20:35', '79.168.110.47', 1, 'auth', 'User 1 Logged-in'),
(305, '2012-12-30 10:28:44', '127.0.0.1', 1, 'auth', 'User 1 Logged-out'),
(306, '2012-12-30 10:29:01', '127.0.0.1', 1, 'auth', 'User 1 Logged-in'),
(307, '2012-12-30 23:05:15', '79.168.110.47', 1, 'auth', 'User 1 Logged-in'),
(308, '2012-12-30 23:20:52', '79.168.110.47', 1, 'auth', 'User 1 Logged-out'),
(309, '2012-12-30 23:21:50', '79.168.110.47', 1, 'auth', 'User 1 Logged-in'),
(310, '2012-12-30 23:22:52', '127.0.0.1', 1, 'auth', 'User 1 Logged-in'),
(311, '2012-12-30 23:23:09', '79.168.110.47', 1, 'auth', 'User 1 Logged-out'),
(312, '2012-12-31 00:03:56', '79.168.110.47', 1, 'auth', 'User 1 Logged-in'),
(313, '2013-04-27 14:16:50', '129.94.175.2', 1, 'auth', 'User 1 Logged-in'),
(314, '2013-04-27 16:16:47', '127.0.0.1', 1, 'auth', 'User 1 Logged-in'),
(315, '2013-04-27 17:29:21', '129.94.175.2', 1, 'auth', 'User 1 Logged-in'),
(316, '2013-04-27 17:29:29', '129.94.175.2', 1, 'auth', 'User 1 Logged-in'),
(317, '2013-04-27 21:35:35', '127.0.0.1', 1, 'auth', 'User 1 Logged-in'),
(318, '2013-05-02 14:52:34', '58.173.104.42', 1, 'auth', 'User 1 Logged-in'),
(319, '2013-05-02 16:39:58', '58.173.104.42', 1, 'auth', 'User 1 Logged-in'),
(320, '2013-05-03 11:29:14', '58.173.104.42', 1, 'auth', 'User 1 Logged-in'),
(321, '2013-05-04 11:46:11', '127.0.0.1', 1, 'auth', 'User 1 Logged-in'),
(322, '2013-05-04 11:57:47', '127.0.0.1', 1, 'auth', 'User 1 Logged-in'),
(323, '2013-05-04 12:41:37', '127.0.0.1', 1, 'auth', 'User 1 Logged-out'),
(324, '2013-05-04 12:42:57', '127.0.0.1', 2, 'auth', 'User 2 Logged-in'),
(325, '2013-05-04 12:55:30', '58.173.104.42', 2, 'auth', 'User 2 Logged-in'),
(326, '2013-05-04 13:11:53', '127.0.0.1', 2, 'auth', 'User 2 Logged-out'),
(327, '2013-05-04 13:12:02', '127.0.0.1', 1, 'auth', 'User 1 Logged-in'),
(328, '2013-05-06 11:41:18', '124.149.187.20', 4, 'auth', 'User 4 Logged-in'),
(329, '2013-05-09 18:43:34', '58.173.104.42', 1, 'auth', 'User 1 Logged-in'),
(330, '2013-05-09 18:43:38', '58.173.104.42', 1, 'auth', 'User 1 Logged-out'),
(331, '2013-08-24 22:04:22', '129.94.175.2', 1, 'auth', 'User 1 Logged-in'),
(332, '2013-08-24 22:06:02', '127.0.0.1', 1, 'auth', 'User 1 Logged-in'),
(333, '2013-08-24 22:43:44', '129.94.175.2', 1, 'auth', 'User 1 Logged-in'),
(334, '2013-08-24 23:28:34', '127.0.0.1', 1, 'auth', 'User 1 Logged-in'),
(335, '2013-08-24 23:28:51', '127.0.0.1', 1, 'auth', 'User 1 Logged-in'),
(336, '2013-08-25 10:06:03', '127.0.0.1', 1, 'auth', 'User 1 Logged-in'),
(337, '2013-08-25 11:50:08', '127.0.0.1', 1, 'auth', 'User 1 Logged-in'),
(338, '2013-08-25 17:41:02', '127.0.0.1', 1, 'auth', 'User 1 Logged-in'),
(339, '2013-08-25 17:45:59', '129.94.175.2', 1, 'auth', 'User 1 Logged-in'),
(340, '2013-08-27 17:32:52', '129.94.175.2', 1, 'auth', 'User 1 Logged-in'),
(341, '2014-03-17 21:44:11', '58.165.182.77', 1, 'auth', 'User 1 Logged-in'),
(342, '2014-03-18 09:39:47', '124.183.176.144', 1, 'auth', 'User 1 Logged-in'),
(343, '2014-03-18 09:40:19', '127.0.0.1', 1, 'auth', 'User 1 Logged-in'),
(344, '2014-03-18 10:00:59', '124.183.176.144', 1, 'auth', 'User 1 Logged-in'),
(345, '2014-05-27 11:32:00', '138.25.128.31', 1, 'auth', 'User 1 Logged-in'),
(346, '2014-05-27 11:33:20', '138.25.128.31', 1, 'auth', 'User 1 Logged-in'),
(347, '2014-05-27 23:39:42', '58.173.104.42', 1, 'auth', 'User 1 Logged-in'),
(348, '2014-05-27 23:41:26', '127.0.0.1', 1, 'auth', 'User 1 Logged-in'),
(349, '2014-05-28 13:10:53', '127.0.0.1', 2, 'auth', 'User 2 Logged-in'),
(350, '2014-05-28 15:10:11', '129.94.8.30', 1, 'auth', 'User 1 Logged-in'),
(351, '2014-05-28 15:10:33', '129.94.8.30', 1, 'auth', 'User 1 Logged-in'),
(352, '2014-05-28 15:10:49', '129.94.8.30', 1, 'auth', 'User 1 Logged-in'),
(353, '2014-05-28 15:12:39', '129.94.8.30', 1, 'auth', 'User 1 Logged-in'),
(354, '2014-05-29 14:16:41', '58.173.104.42', 1, 'auth', 'User 1 Logged-in'),
(355, '2014-05-29 14:19:32', '127.0.0.1', 2, 'auth', 'User 2 Logged-in'),
(356, '2014-05-29 15:45:32', '127.0.0.1', 2, 'auth', 'User 2 Logged-in'),
(357, '2014-05-30 14:22:46', '127.0.0.1', 2, 'auth', 'User 2 Logged-in'),
(358, '2014-05-30 15:27:36', '58.173.104.42', 1, 'auth', 'User 1 Logged-in'),
(359, '2014-05-30 17:37:11', '58.173.104.42', 1, 'auth', 'User 1 Logged-in'),
(360, '2014-05-30 17:37:16', '58.173.104.42', 1, 'auth', 'User 1 Logged-in'),
(361, '2014-05-30 18:24:51', '58.173.104.42', 1, 'auth', 'User 1 Logged-out'),
(362, '2014-05-30 18:24:56', '58.173.104.42', 1, 'auth', 'User 1 Logged-in'),
(363, '2014-05-30 18:55:52', '58.173.104.42', 1, 'auth', 'User 1 Logged-out'),
(364, '2014-05-30 18:56:14', '58.173.104.42', 2, 'auth', 'User 2 Logged-in'),
(365, '2014-06-01 12:27:49', '58.173.104.42', 1, 'auth', 'User 1 Logged-in'),
(366, '2014-06-01 12:32:28', '58.173.104.42', 1, 'auth', 'User 1 Logged-out'),
(367, '2014-06-01 12:32:49', '58.173.104.42', 2, 'auth', 'User 2 Logged-in'),
(368, '2014-06-01 12:36:06', '58.173.104.42', 2, 'auth', 'User 2 Logged-in'),
(369, '2014-06-01 13:36:53', '58.173.104.42', 2, 'auth', 'User 2 Logged-out'),
(370, '2014-06-04 14:29:49', '129.94.175.2', 1, 'auth', 'User 1 Logged-in'),
(371, '2014-06-04 14:30:03', '129.94.175.2', 1, 'auth', 'User 1 Logged-in'),
(372, '2014-06-05 09:30:50', '113.197.9.114', 1, 'auth', 'User 1 Logged-in'),
(373, '2014-06-05 09:30:57', '113.197.9.114', 1, 'auth', 'User 1 Logged-in'),
(374, '2014-06-05 09:31:04', '113.197.9.114', 1, 'auth', 'User 1 Logged-in'),
(375, '2014-06-05 09:31:08', '113.197.9.114', 1, 'auth', 'User 1 Logged-out'),
(376, '2014-06-05 09:31:13', '113.197.9.114', 1, 'auth', 'User 1 Logged-in'),
(377, '2014-06-05 09:31:15', '113.197.9.114', 1, 'auth', 'User 1 Logged-out'),
(378, '2014-06-05 09:31:20', '113.197.9.114', 1, 'auth', 'User 1 Logged-in'),
(379, '2014-06-05 10:41:08', '113.197.9.114', 1, 'auth', 'User 1 Logged-in'),
(380, '2014-06-05 12:09:22', '113.197.9.114', 1, 'auth', 'User 1 Logged-in'),
(381, '2014-06-05 12:09:28', '113.197.9.114', 1, 'auth', 'User 1 Logged-in'),
(382, '2014-06-05 12:19:55', '127.0.0.1', 2, 'auth', 'User 2 Logged-in'),
(383, '2014-06-05 12:20:22', '113.197.9.114', 1, 'auth', 'User 1 Logged-in'),
(384, '2014-06-05 12:20:45', '113.197.9.114', 1, 'auth', 'User 1 Logged-in'),
(385, '2014-06-05 12:20:50', '113.197.9.114', 1, 'auth', 'User 1 Logged-in'),
(386, '2014-06-05 12:21:08', '113.197.9.114', 1, 'auth', 'User 1 Logged-in'),
(387, '2014-06-05 12:22:21', '113.197.9.114', 1, 'auth', 'User 1 Logged-in'),
(388, '2014-06-05 12:27:48', '113.197.9.114', 1, 'auth', 'User 1 Logged-in'),
(389, '2014-06-05 12:28:17', '113.197.9.114', 1, 'auth', 'User 1 Logged-in'),
(390, '2014-06-05 12:28:23', '113.197.9.114', 1, 'auth', 'User 1 Logged-out'),
(391, '2014-06-05 12:28:28', '113.197.9.114', 1, 'auth', 'User 1 Logged-in'),
(392, '2014-06-05 12:31:20', '113.197.9.114', 1, 'auth', 'User 1 Logged-in'),
(393, '2014-06-05 12:31:57', '113.197.9.114', 1, 'auth', 'User 1 Logged-in'),
(394, '2014-06-05 12:32:09', '113.197.9.114', 1, 'auth', 'User 1 Logged-out'),
(395, '2014-06-05 12:32:13', '113.197.9.114', 1, 'auth', 'User 1 Logged-in'),
(396, '2014-06-05 12:32:16', '113.197.9.114', 1, 'auth', 'User 1 Logged-out'),
(397, '2014-06-05 12:32:19', '113.197.9.114', 1, 'auth', 'User 1 Logged-in'),
(398, '2014-06-05 12:32:43', '113.197.9.114', 1, 'auth', 'User 1 Logged-in'),
(399, '2014-06-05 12:32:45', '113.197.9.114', 1, 'auth', 'User 1 Logged-out'),
(400, '2014-06-05 12:32:50', '113.197.9.114', 1, 'auth', 'User 1 Logged-in'),
(401, '2014-06-05 12:34:32', '127.0.0.1', 2, 'auth', 'User 2 Logged-out'),
(402, '2014-06-05 12:34:38', '127.0.0.1', 2, 'auth', 'User 2 Logged-in'),
(403, '2014-06-05 12:43:19', '113.197.9.114', 1, 'auth', 'User 1 Logged-in'),
(404, '2014-06-05 12:43:22', '113.197.9.114', 1, 'auth', 'User 1 Logged-out'),
(405, '2014-06-05 12:43:28', '113.197.9.114', 1, 'auth', 'User 1 Logged-in'),
(406, '2014-06-05 12:43:33', '113.197.9.114', 1, 'auth', 'User 1 Logged-out'),
(407, '2014-06-05 12:43:36', '113.197.9.114', 1, 'auth', 'User 1 Logged-in'),
(408, '2014-06-05 12:44:47', '113.197.9.114', 1, 'auth', 'User 1 Logged-in'),
(409, '2014-06-05 12:47:54', '113.197.9.114', 1, 'auth', 'User 1 Logged-in'),
(410, '2014-06-05 12:48:43', '113.197.9.114', 1, 'auth', 'User 1 Logged-in'),
(411, '2014-06-05 12:48:49', '113.197.9.114', 1, 'auth', 'User 1 Logged-out'),
(412, '2014-06-05 12:48:57', '113.197.9.114', 1, 'auth', 'User 1 Logged-in'),
(413, '2014-06-05 12:49:00', '113.197.9.114', 1, 'auth', 'User 1 Logged-out'),
(414, '2014-06-05 12:49:05', '113.197.9.114', 1, 'auth', 'User 1 Logged-in'),
(415, '2014-06-05 12:57:59', '113.197.9.114', 1, 'auth', 'User 1 Logged-in'),
(416, '2014-06-05 12:58:05', '113.197.9.114', 1, 'auth', 'User 1 Logged-out'),
(417, '2014-06-05 12:58:10', '113.197.9.114', 1, 'auth', 'User 1 Logged-in'),
(418, '2014-06-05 12:58:46', '113.197.9.114', 1, 'auth', 'User 1 Logged-out'),
(419, '2014-06-05 13:00:45', '113.197.9.114', 1, 'auth', 'User 1 Logged-in'),
(420, '2014-06-05 13:02:19', '113.197.9.114', 1, 'auth', 'User 1 Logged-out'),
(421, '2014-06-05 13:02:25', '113.197.9.114', 1, 'auth', 'User 1 Logged-in'),
(422, '2014-06-05 13:02:29', '113.197.9.114', 1, 'auth', 'User 1 Logged-out'),
(423, '2014-06-10 10:24:01', '120.150.218.159', 1, 'auth', 'User 1 Logged-in'),
(424, '2014-06-10 11:13:00', '120.150.218.159', 1, 'auth', 'User 1 Logged-out'),
(425, '2014-06-10 11:13:16', '120.150.218.159', 1, 'auth', 'User 1 Logged-in'),
(426, '2014-06-10 11:13:46', '120.150.218.159', 1, 'auth', 'User 1 Logged-out'),
(427, '2014-06-11 10:35:19', '120.150.218.159', 1, 'auth', 'User 1 Logged-in'),
(428, '2014-07-23 14:53:42', '127.0.0.1', 2, 'auth', 'User 2 Logged-in'),
(429, '2014-07-23 15:01:12', '127.0.0.1', 2, 'auth', 'User 2 Logged-out'),
(430, '2014-07-23 15:01:18', '127.0.0.1', 2, 'auth', 'User 2 Logged-in'),
(431, '2014-07-23 15:01:47', '127.0.0.1', 2, 'auth', 'User 2 Logged-out'),
(432, '2014-07-23 15:01:53', '127.0.0.1', 2, 'auth', 'User 2 Logged-in'),
(433, '2014-07-23 15:05:24', '127.0.0.1', 2, 'auth', 'User 2 Logged-in'),
(434, '2014-07-23 15:05:37', '127.0.0.1', 2, 'auth', 'User 2 Logged-out'),
(435, '2014-07-23 15:05:45', '127.0.0.1', 2, 'auth', 'User 2 Logged-in'),
(436, '2014-07-23 15:06:56', '127.0.0.1', 2, 'auth', 'User 2 Logged-out'),
(437, '2014-07-23 15:07:01', '127.0.0.1', 2, 'auth', 'User 2 Logged-in'),
(438, '2014-08-01 11:07:33', '137.111.13.200', 1, 'auth', 'User 1 Logged-in'),
(439, '2014-08-01 12:15:59', '127.0.0.1', 2, 'auth', 'User 2 Logged-in'),
(440, '2014-08-01 15:17:28', '127.0.0.1', 2, 'auth', 'User 2 Logged-in'),
(441, '2014-08-02 14:31:57', '127.0.0.1', 2, 'auth', 'User 2 Logged-out'),
(442, '2014-12-05 12:27:38', '129.94.175.2', 5, 'auth', 'User 5 Logged-in'),
(443, '2014-12-05 13:17:16', '129.94.175.2', 5, 'auth', 'User 5 Logged-in'),
(444, '2014-12-05 16:48:40', '129.94.175.2', 5, 'auth', 'User 5 Logged-in'),
(445, '2014-12-11 22:59:03', '58.172.164.178', 1, 'auth', 'User 1 Logged-in'),
(446, '2014-12-11 23:02:24', '127.0.0.1', 2, 'auth', 'User 2 Logged-in'),
(447, '2014-12-16 08:46:30', '127.0.0.1', 1, 'auth', 'User 1 Logged-in'),
(448, '2014-12-16 09:02:56', '127.0.0.1', 1, 'auth', 'User 1 Logged-out'),
(449, '2014-12-16 13:41:04', '129.94.175.2', 1, 'auth', 'User 1 Logged-in'),
(450, '2014-12-16 13:54:28', '129.94.175.2', 1, 'auth', 'User 1 Logged-out'),
(451, '2014-12-18 10:44:01', '129.94.175.2', 1, 'auth', 'User 1 Logged-in'),
(452, '2015-01-15 22:57:07', '127.0.0.1', 2, 'auth', 'User 2 Logged-in'),
(453, '2015-01-16 12:01:40', '127.0.0.1', 2, 'auth', 'User 2 Logged-in'),
(454, '2015-01-16 13:28:58', '127.0.0.1', 2, 'auth', 'User 2 Logged-out'),
(455, '2015-01-17 13:15:02', '127.0.0.1', 2, 'auth', 'User 2 Logged-in'),
(456, '2015-01-17 13:15:28', '127.0.0.1', 2, 'auth', 'User 2 Logged-out'),
(457, '2015-01-17 13:49:07', '127.0.0.1', 2, 'auth', 'User 2 Logged-in'),
(458, '2015-01-17 13:50:01', '127.0.0.1', 2, 'auth', 'User 2 Logged-out'),
(459, '2015-01-17 13:51:07', '58.172.164.178', 5, 'auth', 'User 5 Logged-in'),
(460, '2015-01-17 13:53:20', '127.0.0.1', 2, 'auth', 'User 2 Logged-in'),
(461, '2015-01-17 17:31:44', '58.172.164.178', 1, 'auth', 'User 1 Logged-in'),
(462, '2015-01-17 18:05:01', '127.0.0.1', 2, 'auth', 'User 2 Logged-in'),
(463, '2015-01-18 13:35:37', '129.94.175.2', 1, 'auth', 'User 1 Logged-in'),
(464, '2015-01-20 10:53:30', '129.94.8.249', 1, 'auth', 'User 1 Logged-in'),
(465, '2015-01-20 13:05:32', '129.94.8.249', 1, 'auth', 'User 1 Logged-in'),
(466, '2015-01-20 16:34:33', '129.94.175.2', 1, 'auth', 'User 1 Logged-in'),
(467, '2015-01-20 22:30:20', '129.94.175.2', 1, 'auth', 'User 1 Logged-in'),
(468, '2015-01-21 09:32:20', '129.94.175.2', 1, 'auth', 'User 1 Logged-in'),
(469, '2015-01-21 09:45:35', '127.0.0.1', 2, 'auth', 'User 2 Logged-in'),
(470, '2015-01-21 11:15:19', '129.94.175.2', 1, 'auth', 'User 1 Logged-in'),
(471, '2015-01-22 17:03:16', '127.0.0.1', 2, 'auth', 'User 2 Logged-in'),
(472, '2015-01-26 10:35:26', '129.94.175.2', 1, 'auth', 'User 1 Logged-in'),
(473, '2015-01-26 17:40:51', '129.94.175.2', 1, 'auth', 'User 1 Logged-in'),
(474, '2015-01-26 17:41:10', '129.94.175.2', 1, 'auth', 'User 1 Logged-out'),
(475, '2015-01-26 17:46:40', '129.94.175.2', 1, 'auth', 'User 1 Logged-in'),
(476, '2015-01-26 21:25:10', '129.94.175.2', 1, 'auth', 'User 1 Logged-in'),
(477, '2015-01-26 21:58:19', '129.94.175.2', 1, 'auth', 'User 1 Profile updated'),
(478, '2015-01-26 21:59:06', '129.94.175.2', 1, 'auth', 'User 1 Logged-out'),
(479, '2015-01-26 22:13:44', '127.0.0.1', 6, 'auth', 'User 6 Logged-in'),
(480, '2015-01-26 22:27:59', '129.94.175.2', 6, 'auth', 'User 6 Logged-in'),
(481, '2015-01-26 22:28:41', '129.94.175.2', 6, 'auth', 'User 6 Logged-out'),
(482, '2015-01-26 22:31:44', '127.0.0.1', 6, 'auth', 'User 6 Logged-out'),
(483, '2015-01-26 22:34:35', '129.94.175.2', 1, 'auth', 'User 1 Logged-in'),
(484, '2015-01-26 22:35:05', '127.0.0.1', 2, 'auth', 'User 2 Logged-in'),
(485, '2015-01-26 22:35:15', '127.0.0.1', 2, 'auth', 'User 2 Logged-out'),
(486, '2015-01-26 22:35:52', '127.0.0.1', 1, 'auth', 'User 1 Logged-in'),
(487, '2015-01-27 23:03:14', '127.0.0.1', 1, 'auth', 'User 1 Logged-out'),
(488, '2015-01-28 11:26:10', '129.94.8.211', 5, 'auth', 'User 5 Logged-in'),
(489, '2015-01-28 12:04:26', '127.0.0.1', 2, 'auth', 'User 2 Logged-in'),
(490, '2015-01-28 12:04:30', '127.0.0.1', 2, 'auth', 'User 2 Logged-out'),
(491, '2015-01-28 12:08:13', '127.0.0.1', 6, 'auth', 'User 6 Logged-in'),
(492, '2015-01-28 12:08:39', '127.0.0.1', 6, 'auth', 'User 6 Logged-out'),
(493, '2015-01-28 12:13:00', '127.0.0.1', 6, 'auth', 'User 6 Logged-in'),
(494, '2015-01-28 12:13:04', '127.0.0.1', 6, 'auth', 'User 6 Logged-out'),
(495, '2015-01-28 12:15:49', '127.0.0.1', 6, 'auth', 'User 6 Logged-in'),
(496, '2015-01-28 12:15:59', '127.0.0.1', 6, 'auth', 'User 6 Logged-out'),
(497, '2015-01-28 13:45:42', '127.0.0.1', 2, 'auth', 'User 2 Logged-in'),
(498, '2015-01-28 13:45:57', '127.0.0.1', 2, 'auth', 'User 2 Logged-out'),
(499, '2015-01-28 13:46:49', '127.0.0.1', 6, 'auth', 'User 6 Logged-in'),
(500, '2015-01-28 13:49:37', '127.0.0.1', 6, 'auth', 'User 6 Logged-out'),
(501, '2015-01-28 13:50:35', '127.0.0.1', 2, 'auth', 'User 2 Logged-in'),
(502, '2015-01-28 13:51:10', '127.0.0.1', 2, 'auth', 'User 2 Logged-out'),
(503, '2015-01-28 13:51:34', '127.0.0.1', 2, 'auth', 'User 2 Logged-in'),
(504, '2015-01-28 13:51:44', '127.0.0.1', 2, 'auth', 'User 2 Logged-out'),
(505, '2015-01-28 13:51:56', '127.0.0.1', 2, 'auth', 'User 2 Logged-in'),
(506, '2015-01-28 13:53:48', '127.0.0.1', 2, 'auth', 'User 2 Logged-out'),
(507, '2015-01-29 10:08:47', '127.0.0.1', 2, 'auth', 'User 2 Logged-in'),
(508, '2015-01-29 10:08:51', '127.0.0.1', 2, 'auth', 'User 2 Logged-out'),
(509, '2015-01-29 11:31:34', '127.0.0.1', 2, 'auth', 'User 2 Logged-in'),
(510, '2015-01-29 17:19:42', '127.0.0.1', NULL, 'auth', 'User 17 Registered'),
(511, '2015-02-02 12:43:55', '129.94.8.186', 2, 'auth', 'User 2 Logged-in'),
(512, '2015-02-02 12:44:05', '129.94.8.186', 2, 'auth', 'User 2 Logged-out'),
(513, '2015-02-02 12:44:17', '129.94.8.186', 1, 'auth', 'User 1 Logged-in'),
(514, '2015-02-02 14:37:29', '127.0.0.1', 2, 'auth', 'User 2 Logged-in'),
(515, '2015-02-02 17:52:43', '127.0.0.1', 2, 'auth', 'User 2 Logged-in'),
(516, '2015-02-02 17:53:22', '127.0.0.1', 2, 'auth', 'User 2 Logged-out'),
(517, '2015-02-02 17:53:22', '127.0.0.1', 2, 'auth', 'User 2 Logged-out'),
(518, '2015-02-02 17:53:38', '127.0.0.1', 1, 'auth', 'User 1 Logged-in'),
(519, '2015-02-02 22:19:09', '58.172.164.178', 19, 'auth', 'User 19 Logged-in'),
(520, '2015-02-02 22:43:08', '127.0.0.1', 2, 'auth', 'User 2 Logged-in'),
(521, '2015-02-05 10:56:56', '127.0.0.1', 2, 'auth', 'User 2 Logged-in'),
(522, '2015-02-05 12:06:02', '127.0.0.1', 2, 'auth', 'User 2 Logged-in'),
(523, '2015-02-05 12:09:52', '127.0.0.1', 2, 'auth', 'User 2 Logged-in'),
(524, '2015-02-05 12:14:42', '127.0.0.1', 2, 'auth', 'User 2 Logged-out'),
(525, '2015-02-05 12:15:05', '127.0.0.1', 1, 'auth', 'User 1 Logged-in'),
(526, '2015-02-05 14:23:36', '129.94.175.2', 1, 'auth', 'User 1 Logged-in'),
(527, '2015-02-05 15:23:15', '129.94.8.252', 5, 'auth', 'User 5 Logged-in'),
(528, '2015-02-05 16:44:57', '129.94.175.2', 1, 'auth', 'User 1 Logged-in'),
(529, '2015-02-05 17:10:37', '127.0.0.1', 1, 'auth', 'User 1 Logged-in'),
(530, '2015-02-05 18:29:29', '129.94.175.2', 19, 'auth', 'User 19 Logged-in'),
(531, '2015-02-05 18:29:36', '129.94.175.2', 19, 'auth', 'User 19 Logged-out'),
(532, '2015-02-05 18:29:48', '129.94.175.2', 1, 'auth', 'User 1 Logged-in'),
(533, '2015-02-05 22:10:45', '129.94.175.2', 1, 'auth', 'User 1 Logged-out'),
(534, '2015-02-06 11:12:59', '129.94.175.2', 1, 'auth', 'User 1 Logged-in'),
(535, '2015-02-07 17:23:13', '127.0.0.1', 19, 'auth', 'User 19 Logged-in');

-- --------------------------------------------------------

--
-- Table structure for table `auth_group`
--

CREATE TABLE IF NOT EXISTS `auth_group` (
`id` int(11) NOT NULL,
  `role` varchar(255) DEFAULT NULL,
  `description` longtext
) ENGINE=MyISAM  DEFAULT CHARSET=utf8 AUTO_INCREMENT=20 ;

--
-- Dumping data for table `auth_group`
--

INSERT INTO `auth_group` (`id`, `role`, `description`) VALUES
(1, 'developer', NULL),
(2, 'editor', NULL),
(3, 'ALC', NULL),
(5, 'authorised', NULL),
(4, 'CLW', NULL),
(6, 'teacher', NULL);

-- --------------------------------------------------------

--
-- Table structure for table `auth_membership`
--

CREATE TABLE IF NOT EXISTS `auth_membership` (
`id` int(11) NOT NULL,
  `user_id` int(11) DEFAULT NULL,
  `group_id` int(11) DEFAULT NULL
) ENGINE=MyISAM  DEFAULT CHARSET=utf8 AUTO_INCREMENT=15 ;

--
-- Dumping data for table `auth_membership`
--

INSERT INTO `auth_membership` (`id`, `user_id`, `group_id`) VALUES
(1, 2, 2),
(2, 1, 1),
(12, 3, 6),
(13, 4, 6),
(14, 5, 6);

-- --------------------------------------------------------

--
-- Table structure for table `auth_permission`
--

CREATE TABLE IF NOT EXISTS `auth_permission` (
`id` int(11) NOT NULL,
  `group_id` int(11) DEFAULT NULL,
  `name` varchar(255) DEFAULT NULL,
  `table_name` varchar(255) DEFAULT NULL,
  `record_id` int(11) DEFAULT NULL
) ENGINE=MyISAM  DEFAULT CHARSET=utf8 AUTO_INCREMENT=2 ;

--
-- Dumping data for table `auth_permission`
--

INSERT INTO `auth_permission` (`id`, `group_id`, `name`, `table_name`, `record_id`) VALUES
(1, 2, 'IRCA', 'auth_user', NULL);

-- --------------------------------------------------------

--
-- Table structure for table `auth_user`
--

CREATE TABLE IF NOT EXISTS `auth_user` (
`id` int(11) NOT NULL,
  `first_name` varchar(128) DEFAULT NULL,
  `last_name` varchar(128) DEFAULT NULL,
  `username` text NOT NULL,
  `email` varchar(255) DEFAULT NULL,
  `password` varchar(255) DEFAULT NULL,
  `registration_key` varchar(255) DEFAULT NULL,
  `registration_id` int(11) NOT NULL,
  `reset_password_key` varchar(255) DEFAULT NULL,
  `Role_Name` enum('student','teacher','editor') NOT NULL DEFAULT 'student'
) ENGINE=MyISAM  DEFAULT CHARSET=utf8 AUTO_INCREMENT=21 ;

--
-- Dumping data for table `auth_user`
--

INSERT INTO `auth_user` (`id`, `first_name`, `last_name`, `username`, `email`, `password`, `registration_key`, `registration_id`, `reset_password_key`, `Role_Name`) VALUES
(1, 'Cat', 'Kutay', 'cat.kutay', 'ckutay@cities.org.au', 'fb2cbe6bae3ad15cacb120a68f9818db', '', 0, '', 'teacher'),
(2, 'Cat', 'Kutay', 'catkutay', 'cat.kutay@gmail.com', 'fb2cbe6bae3ad15cacb120a68f9818db', '', 0, '', 'student'),
(3, 'Margaret', 'Sharpe', 'msharpe', 'msharpe3@une.edu.au', '7008b5f6ff60972144ae3c1c955724d4', '', 0, '', 'teacher'),
(4, 'Ana', 'Ash', 'ana', 'MRALC@westnet.com.au', '2852f697a9f8581725c6fc6a5472a2e5', '', 0, '', 'teacher'),
(5, 'Karyn', 'Silva de Azevedo', 'karyn', 'karyn.saz@gmail.com', '9eb7a955008f1e74d00fe2f1b984b368', '', 0, '', 'teacher'),
(19, 'Cat', 'Kutay', 'ckutay', 'ckutay@cities.org.au', 'fb2cbe6bae3ad15cacb120a68f9818db', NULL, 0, NULL, 'editor');

-- --------------------------------------------------------

--
-- Table structure for table `comment`
--

CREATE TABLE IF NOT EXISTS `comment` (
`id` int(11) NOT NULL,
  `slug` varchar(128) DEFAULT NULL,
  `body` longtext,
  `created_by` int(11) DEFAULT NULL,
  `created_on` datetime DEFAULT NULL
) ENGINE=MyISAM  DEFAULT CHARSET=utf8 AUTO_INCREMENT=2 ;

-- --------------------------------------------------------

--
-- Table structure for table `dialect`
--

CREATE TABLE IF NOT EXISTS `dialect` (
  `id` int(11) NOT NULL,
  `name` text NOT NULL,
  `color` varchar(10) NOT NULL,
  `next` text NOT NULL
) ENGINE=InnoDB DEFAULT CHARSET=latin1;

--
-- Dumping data for table `dialect`
--

INSERT INTO `dialect` (`id`, `name`, `color`, `next`) VALUES
(1, 'All', '', ''),
(2, 'Middle_Clarence', 'black', '2, 3, 4'),
(3, 'Condamine_Upper_Clarence', 'red', '1, 4, 3'),
(4, 'Lower_Richmond', 'blue', '1, 4, 2'),
(5, 'Gold_Coast_Tweed', 'green', '2, 3, 1'),
(6, 'Copmanhurst', 'orange', '1, 2, 3');

-- --------------------------------------------------------

--
-- Table structure for table `document`
--

CREATE TABLE IF NOT EXISTS `document` (
`id` int(11) NOT NULL,
  `slug` varchar(128) DEFAULT NULL,
  `name` varchar(255) DEFAULT NULL,
  `description` longtext,
  `file` varchar(255) DEFAULT NULL,
  `created_by` int(11) DEFAULT NULL,
  `created_on` datetime DEFAULT NULL
) ENGINE=MyISAM  DEFAULT CHARSET=utf8 AUTO_INCREMENT=5 ;

-- --------------------------------------------------------

--
-- Table structure for table `image`
--

CREATE TABLE IF NOT EXISTS `image` (
`id` int(6) NOT NULL,
  `show` int(11) NOT NULL DEFAULT '1',
  `title` varchar(200) NOT NULL,
  `file` varchar(255) CHARACTER SET utf8 NOT NULL
) ENGINE=InnoDB  DEFAULT CHARSET=latin1 AUTO_INCREMENT=10 ;

--
-- Dumping data for table `image`
--

INSERT INTO `image` (`id`, `show`, `title`, `file`) VALUES
(1, 1, '', 'IMG_1167.jpg'),
(2, 1, '', 'IMG_1168.jpg'),
(3, 1, '', 'IMG_1270.jpg'),
(4, 1, '', 'IMG_1356.jpg'),
(5, 1, '', 'IMG_1526.jpg'),
(6, 1, '', 'IMG_1528.jpg'),
(7, 1, '', 'IMG_1823.jpg'),
(8, 1, '', 'IMG_1827.jpg'),
(9, 0, 'Bundjalung', 'Bundjalung.gif');

-- --------------------------------------------------------

--
-- Table structure for table `plugin_wiki_attachment`
--

CREATE TABLE IF NOT EXISTS `plugin_wiki_attachment` (
`id` int(11) NOT NULL,
  `tablename` varchar(255) DEFAULT NULL,
  `record_id` int(11) DEFAULT NULL,
  `name` varchar(255) DEFAULT NULL,
  `filename` varchar(255) DEFAULT NULL,
  `is_active` char(1) DEFAULT NULL,
  `created_on` datetime DEFAULT NULL,
  `created_by` int(11) DEFAULT NULL,
  `modified_on` datetime DEFAULT NULL,
  `modified_by` int(11) DEFAULT NULL
) ENGINE=MyISAM  DEFAULT CHARSET=utf8 AUTO_INCREMENT=26 ;

--
-- Dumping data for table `plugin_wiki_attachment`
--

INSERT INTO `plugin_wiki_attachment` (`id`, `tablename`, `record_id`, `name`, `filename`, `is_active`, `created_on`, `created_by`, `modified_on`, `modified_by`) VALUES
(23, 'page', 25, 'Crowley’s suggested grouping of the dialects (Crowley 1978:163)', 'plugin_wiki_attachment.filename.884aacd40cef92cd.4d6170342e706e67.png', 'T', '2013-08-25 12:08:43', 1, '2013-08-25 12:08:43', 1),
(22, 'page', 24, 'Approximate dialect areas within Yugambeh-Bundjalung (older orthography for Gidhabal)', 'plugin_wiki_attachment.filename.9be1c4ea16cfb2d1.4d6170332e706e67.png', 'T', '2013-08-25 12:07:58', 1, '2013-08-25 12:07:58', 1),
(20, 'page', 18, 'Location of the Yugambeh-Bundjalung language ', 'plugin_wiki_attachment.filename.af9782e9564945be.4d6170312e706e67.png', 'T', '2013-08-25 11:56:38', 1, '2013-08-25 11:56:38', 1),
(21, 'page', 20, 'The Yugambeh-Bundjalung area', 'plugin_wiki_attachment.filename.a1cc3cb48ca5d3a2.4d6170322e706e67.png', 'T', '2013-08-25 12:02:48', 1, '2013-08-25 12:02:48', 1),
(24, 'page', 44, 'Songs by Margaret Gummow', 'plugin_wiki_attachment.filename.a722cbaf1ff10adf.536f6e67732e6d7033.mp3', 'T', '2014-05-30 17:18:00', 2, '2014-05-30 17:18:00', 2);

-- --------------------------------------------------------

--
-- Table structure for table `plugin_wiki_comment`
--

CREATE TABLE IF NOT EXISTS `plugin_wiki_comment` (
`id` int(11) NOT NULL,
  `tablename` varchar(255) DEFAULT NULL,
  `record_id` int(11) DEFAULT NULL,
  `body` varchar(255) DEFAULT NULL,
  `is_active` char(1) DEFAULT NULL,
  `created_on` datetime DEFAULT NULL,
  `created_by` int(11) DEFAULT NULL,
  `modified_on` datetime DEFAULT NULL,
  `modified_by` int(11) DEFAULT NULL
) ENGINE=MyISAM DEFAULT CHARSET=utf8 AUTO_INCREMENT=1 ;

-- --------------------------------------------------------

--
-- Table structure for table `plugin_wiki_images`
--

CREATE TABLE IF NOT EXISTS `plugin_wiki_images` (
`id` int(11) NOT NULL,
  `name` varchar(100) NOT NULL,
  `title` varchar(200) NOT NULL,
  `filename` varchar(255) DEFAULT NULL,
  `is_active` char(1) DEFAULT NULL,
  `created_on` datetime DEFAULT NULL,
  `created_by` int(11) DEFAULT NULL,
  `modified_on` datetime DEFAULT NULL,
  `modified_by` int(11) DEFAULT NULL
) ENGINE=MyISAM  DEFAULT CHARSET=utf8 AUTO_INCREMENT=20 ;

-- --------------------------------------------------------

--
-- Table structure for table `plugin_wiki_link`
--

CREATE TABLE IF NOT EXISTS `plugin_wiki_link` (
`id` int(11) NOT NULL,
  `tag` int(11) DEFAULT NULL,
  `table_name` varchar(255) DEFAULT NULL,
  `record_id` int(11) DEFAULT NULL
) ENGINE=MyISAM  DEFAULT CHARSET=utf8 AUTO_INCREMENT=4 ;

-- --------------------------------------------------------

--
-- Table structure for table `plugin_wiki_page`
--

CREATE TABLE IF NOT EXISTS `plugin_wiki_page` (
`id` int(11) NOT NULL,
  `slug` varchar(255) DEFAULT NULL,
  `title` varchar(255) DEFAULT NULL,
  `is_public` char(1) DEFAULT NULL,
  `worksheet` char(1) NOT NULL DEFAULT 'F',
  `summary` mediumtext NOT NULL,
  `body` longtext,
  `tags` longtext NOT NULL,
  `role` int(11) DEFAULT NULL,
  `changelog` varchar(255) DEFAULT NULL,
  `is_active` char(1) DEFAULT NULL,
  `created_on` datetime DEFAULT NULL,
  `created_by` int(11) DEFAULT NULL,
  `modified_on` datetime DEFAULT NULL,
  `modified_by` int(11) DEFAULT NULL,
  `comments_allowed` char(1) NOT NULL DEFAULT 'F'
) ENGINE=MyISAM  DEFAULT CHARSET=utf8 AUTO_INCREMENT=103 ;

--
-- Dumping data for table `plugin_wiki_page`
--

INSERT INTO `plugin_wiki_page` (`id`, `slug`, `title`, `is_public`, `worksheet`, `summary`, `body`, `tags`, `role`, `changelog`, `is_active`, `created_on`, `created_by`, `modified_on`, `modified_by`, `comments_allowed`) VALUES
(1, 'Index', 'Index', 'T', 'F', '', '<span style="font-weight:normal"><span style="font-weight:bold">Introduction</span><br><p>This project is to develop online learning tools to allow community members to upload language learning examples and teachers to use these resources with permission in schools and community teaching.<br></p><p>The material on Bundjalung-Yugambeh is from Margaret Sharpe''s work<br></p><p>Enjoy and contribute by contacting us to register</p><p>The maps of&nbsp;Bundjalung-Yugambeh&nbsp;  are under Maps on the menu<br></p><p><br></p></span>', '|1|', NULL, '', 'T', '2011-07-25 13:47:03', 1, '2013-04-27 22:05:44', 1, 'F'),
(18, 'map1', 'Map1', 'T', '0', '', '<div>Location of the Yugambeh-Bundjalung language  <br></div><img src="http://bundjalung.dalang.com.au/plugin_wiki/attachment/20">', '|3|', NULL, '', 'T', '2013-04-27 22:22:09', 1, '2014-08-01 15:36:39', 2, 'F'),
(20, 'map2', 'Map2', 'T', 'F', 'The Yugambeh-Bundjalung area ', 'The Yugambeh-Bundjalung\r\narea  <br><img src="http://Bundjalung.dalang.com.au/plugin_wiki/attachment/21">', '|3|', NULL, '', 'T', '2013-04-27 22:24:34', 1, '2014-08-02 08:36:58', 2, 'F'),
(24, 'map3', 'Map3', 'T', '0', 'Approximate dialect areas within Yugambeh-Bundjalung', '<p style="" text-align:center;text-align:center"="">Approximate dialect\r\nareas within Yugambeh-Bundjalung</p>\r\n<p style="" text-align:center;text-align:center"="">(older orthography\r\nfor Gidhabal)</p>  <img src="http://Bundjalung.dalang.com.au/plugin_wiki/attachment/22">', '|3|', NULL, '', 'T', '2013-04-27 22:26:30', 1, '2014-08-02 08:36:45', 2, 'F'),
(2, 'Bundjalung', 'Bundjalung', 'T', '0', '', '<p>The <strong>Bundjalung people</strong> (aka <em>Bunjalung</em>, <em>Badjalang</em>, <em>Bandjalang</em>) are the original custodians of northern coastal areas of New South Wales (Australia), an area that includes the Bundjalung National Park and Mount Warning (known to the Bundjalung people as <em>Wollumbin</em> (<em>"rainmaker"</em>).\r\n</p><p>\r\nBundjalung people all share in common descent from ancestors who once\r\n spoke as their first, preferred language, one or more of the dialect&nbsp;including:&nbsp;<span class="s1">Yugambeh,&nbsp;</span>Nganduwal,&nbsp;<span class="s1">Minyangbal&nbsp;(also referred to as Minjangbal)</span>, Njangbal, Biriin, Baryulgil,&nbsp;<span class="s1">Wahlubal</span>, Dinggabal, Wiyabal,&nbsp;<span class="s1">Gidabal or Gidhabal</span>, Galibal and&nbsp;<span class="s1">Wudjehbal</span>.</p>\r\n<p>More recently, following successful native title determinations, a \r\nfew descendants because of invested interests are formally questioning \r\nthe extent to which the ''Bundjalung'' are, or have ever been, a people or\r\n a nation </p><p>The Bundjalung language has been&nbsp;taught at various schools and in the community&nbsp;by dedicated community members.&nbsp;</p><p>Many resources were recorded and stored at AIATSIS and these are now being made available for the community to re-hear how the language was spoken.<br></p>', '|2|', NULL, '', 'T', '2012-02-02 15:31:38', 1, '2014-12-18 10:47:47', 1, 'F'),
(25, 'map4', 'Map4', 'T', '0', 'Crowley’s suggested grouping of the dialects (Crowley 1978:163) ', 'Crowley’s suggested grouping of the dialects (Crowley 1978:163)&nbsp;<div> Pronominal forms 1.&nbsp; 1<sup>st</sup> sg ergative, 2.&nbsp; 1<sup>st</sup> sg benefactive, 3. 2<sup>nd</sup>\r\nperson sg absolutive, 4.&nbsp; ergative\r\nsuffix after /y/ (in older orthography)  <br><img src="http://Bundjalung.dalang.com.au/plugin_wiki/attachment/23">  </div>', '|3|', NULL, '', 'T', '2013-04-27 22:27:34', 1, '2014-08-02 08:36:25', 2, 'F'),
(29, 'Sounds', 'Sounds', 'T', 'T', '<p>Sound of letters in Bundjalung</p>', '<p><strong>u</strong> sounds like <strong>u</strong> in <strong>put</strong> or <strong>oo</strong> in <strong>good.</strong></p>\r\n<p><strong>u</strong> sounds like <strong>u</strong> in <strong>put</strong> or <strong>oo</strong> in <strong>good.</strong></p>\r\n<p><strong>Jugi-jugi </strong>(pronounced chooky chooky &ndash; you can guess it was borrowed from English) a chook, a hen</p>\r\n<p>&nbsp;</p>\r\n<p><strong>jali</strong> (jall-ee) tree &nbsp;&nbsp;&nbsp;&nbsp;&nbsp;&nbsp;&nbsp; <strong>waybar</strong> fire &nbsp; &nbsp;(why-barr or web-barr)</p>\r\n<p>&nbsp;</p>\r\n<p><strong><img style="margin-right: 100px; margin-left: 100px;" src="../../../images/campfire.png" alt="" width="220" height="128" /></strong></p>\r\n<p><strong>Jugi-jugi jaliyah?&nbsp;&nbsp;&nbsp;&nbsp;&nbsp;&nbsp; Jugi-jugi waybarah!</strong></p>\r\n<p>Is the chook in the tree? The chook is in the fire!</p>\r\n<p><strong>Guybahla mala!</strong></p>\r\n<p>They are roasting it!</p>\r\n<h4><strong>More sounds</strong></h4>\r\n<p>&nbsp;</p>\r\n<p><strong>(Bundjalung bandjalahm)</strong></p>\r\n<p>butterfly</p>\r\n<div><strong><img style="margin-right: 100px; margin-left: 100px;" src="../../../images/butterfly.png" alt="" width="72" height="42" /></strong></div>\r\n<div style="text-align: right;"><strong>Bahbany jalum-nguhrgan.</strong></div>\r\n<div>\r\n<p style="text-align: right;">Granny has fish</p>\r\n<p><img style="float: right;" src="../../../images/Actions/caught_fish.png" alt="" width="100" /></p>\r\n<p>&nbsp;</p>\r\n<p>&nbsp;</p>\r\n<p><strong>Baygal budjarbiny-nguhrgan. </strong> The man has flowers.</p>\r\n<p style="text-align: left;">&nbsp;<img src="../../../images/man_with_flowers.png" alt="" width="46" height="82" /></p>\r\n<p style="text-align: right;"><img src="../../../images/going.png" alt="" width="60" height="75" /></p>\r\n<p style="text-align: right;"><strong>Yan.gahla</strong></p>\r\n<p style="text-align: right;">going&nbsp;&nbsp;&nbsp;&nbsp;&nbsp;&nbsp;&nbsp;&nbsp;</p>\r\n<p><img src="../../../images/vegetables.png" alt="" width="331" height="42" />&nbsp;</p>\r\n<p><strong>nangany (nungany)</strong> vegetable food</p>\r\n<p>&nbsp;<img src="../../../images/look_at_me.png" alt="" width="62" height="67" /></p>\r\n<p><strong>Nyah nganyi!</strong> Look at me!</p>\r\n<p>&nbsp;<img src="../../../images/rat_in_tree.png" alt="" width="159" height="106" /></p>\r\n<p><strong>Gundur jaliyah!</strong> The rat in the tree!</p>\r\n<p><img style="float: right;" src="../../../images/hair.png" alt="" width="77" height="88" /></p>\r\n<p style="text-align: right;"><strong>gundur</strong> hair of head</p>\r\n<p>&nbsp;</p>\r\n<p>&nbsp;&nbsp;&nbsp;&nbsp;&nbsp;</p>\r\n<p>&nbsp;</p>\r\n<p>&nbsp;</p>\r\n<p>&nbsp;<img src="../../../images/man_in_boat.png" alt="" width="107" height="71" /></p>\r\n<p><strong>Dandaygam gandulah nyulangaha. </strong></p>\r\n<p>The old man in his boat.</p>\r\n<p>&nbsp;<img src="../../../images/crow_in_tree.png" alt="" width="163" height="134" /></p>\r\n<p>&nbsp;</p>\r\n<p><strong>Wagahn jaliyah. </strong></p>\r\n<p>The crow in the tree.</p>\r\n<p><strong>&nbsp;<img src="../../../images/caterpillar.png" alt="" width="115" height="73" /></strong></p>\r\n<p><strong>Yagay! Waringihn jinanggah nganyah!</strong></p>\r\n<p>Yah! There&rsquo;s a caterpillar on my foot!</p>\r\n<p>&nbsp;</p>\r\n<p>&nbsp;</p>\r\n<strong>&nbsp;</strong></div>', '|14|', NULL, '', 'T', '2013-08-24 22:04:31', 1, '2015-02-05 18:26:00', 1, 'F'),
(46, 'dictionary2', 'Dictionary Part 2', 'T', '0', '', 'Here is the second part\r\n<iframe src= "http://www.bundjalung.dalang.com.au/filedownload/file/Language-EnglishH-Y.pdf"  style="width:718px; height:700px;" frameborder="0"></iframe>', '|2|', NULL, '', 'T', '2014-05-30 19:05:00', 2, '2014-05-30 19:10:23', 2, 'F'),
(44, 'songs', 'Songs', 'T', '0', 'Songs recorded in Bundjalung and Githabul by Margaret Gummow', 'Songs recorded in Bundjalung and Githabul by Margaret Gummow<div><br></div> \r\n<br>\r\n<audio controls>\r\n<source src="http://www.bundjalung.dalang.com.au/filedownload/media/sounds/gummowsongs.mp3" type="audio/mpeg">\r\n</audio>', '|36|', NULL, '', 'T', '2014-05-30 17:10:54', 2, '2014-08-02 12:30:37', 2, 'F'),
(45, 'dictionary', 'Dictionary', 'T', '0', 'Darruyay yilaaming maam-weba Muurrbay-gundi.  Ngawaadu ngiyaanya, yuludarla wajaarr gani.  Ngawaadu jalaarla ngiyambala muugay waarruwaygam; ngiyaanya balmuunambay.  Welcome to the Muurrbay website.  Our language comes from our country.  Language gives us our identity and makes us strong.', 'The Bundjalung Dictionary in two parts\r\n<br>\r\n\r\nThis is part 1, words A-G. Click <a href="http://bundjalung.dalang.com.au/filedownload/file/Language-EnglishH-Y.pdf">here for part 2</a>\r\n<br>\r\n<iframe src= "http://bundjalung.dalang.com.au/filedownload/file/Language-EnglishA-G.pdf"  style="width:1000px; height:700px;" frameborder="0"></iframe>', '|2|', NULL, '', 'T', '2014-05-30 18:56:20', 2, '2015-01-16 12:40:33', 2, 'F'),
(47, 'headshoulders', 'Words to Head Shoulders', 'T', '0', '', '<p>Words to the song Head Shoulders Knees and Toes\r\n</p>\r\n<audio controls>\r\n<source src="http://www.bundjalung.dalang.com.au/filedownload/media/sounds/head%20and%20shoulders.wav"/>\r\n</audio>', '|14|', NULL, '', 'T', '2014-05-30 19:05:45', 2, '2014-08-01 12:18:06', 2, 'F'),
(49, 'usedictionary', 'Use of Dictionary', 'T', '0', '<p class="p1"><span class="s1">Muurrbay plans to conduct workshops around Bundjalung-Yugambeh country to help people use this online dictionary. It is a work in progress so you feedback is important to us.</span></p>', '<p>Explain how to use dictionary here</p>', '|2|', NULL, '', 'T', '2015-01-16 12:46:17', 2, '2015-02-02 13:05:38', 1, 'F'),
(54, 'introduction', 'Introduction', 'T', 'F', '<p>This site was set up to enable people to access the Bundjalung-Yugambeh dictionary. In the future we will be adding more sound files so you can hear how words are pronounced and pictures to illustrate different words. </p><p>Over the years many Bundjalung – Yugambeh  speakers have been recorded by various researchers, and word lists have been collected and written down by many people. All this information has been brought together and complied by Margaret Sharpe into a set of documents that make up a dictionary and finder lists. </p><p>This website is adapted from these documents. We are also adding sound files from recordings of today''s Bundjalung teachers, such as Poppy Harry Walker.</p>\r\n<p>To look a the map to the right, hover your mouse over it</p>', '', '', NULL, '', 'T', '2015-02-05 10:57:22', 2, '2015-02-05 10:57:22', 2, 'F'),
(55, 'written_examples_of_the_language', 'Written examples of the language', 'T', '0', '<p><a href="../../../language/dictionary">/language/dictionary</a></p>', '<p>These sentences are from Wahlubal/Western Bandjalang ( Crowley:1978).</p>\r\n<p>Ngay waymalehla nganyahya nguyaya.<br />I am speaking my own language.</p>\r\n<p><em>Nyarram mala behn gudjahrra</em>.<br />The frilled-neck lizard fell into a hole.</p>\r\n<p><em>Wanah yirrali-ngahyumah</em>.<br />Don&rsquo;t (speak in) English.</p>\r\n<p><em>Mala baygal djehrr</em>.<br />That man is big.</p>\r\n<p><em>Djununu wudja yang giwani</em>.<br />Where have you come from?</p>\r\n<p><em>Maliyu dandaygambu yarbini.</em><em><br /></em>That man sang (a song).</p>\r\n<p><em>Mala bin-gihng birrah waybarra mala waganyngula</em>.<br />Throw that turtle onto the fire, and that catfish too!</p>\r\n<p><em>Yuh ngali yanah buyan gala djahnanah</em>.<br />Let&rsquo;s go later when the wind stops.</p>\r\n<p>&nbsp;</p>\r\n<p>There are a lot of examples in the&nbsp;<a href="../../../language/dictionary">dictionary.</a></p>', '|2|', NULL, '', 'T', '2015-02-05 12:33:05', 1, '2015-02-05 13:03:18', 1, 'F'),
(56, 'history', 'History', 'T', '0', '<p>The site was set up by Muurrbay in 2014-5 to share the Bundjalung-Yugambeh dictionary with funding from ??. The project is still in development.</p>', '', '|1|', NULL, '', 'T', '2015-02-05 12:35:18', 1, '2015-02-05 12:41:39', 1, 'F'),
(57, 'outline_of_the_language', 'Outline of the language', 'T', '0', '', '<ul>\r\n<li>Bundjalung has 4 vowels: i, a, u and e each of which can also be pronounced as a longer vowel. There are 10 consonants: b, d, dj, g, m, n, ng, ny, l, r, w and y.</li>\r\n<li>Nouns take many different suffixes (tag endings) to mark such roles as subject, object, instrument, location, movement towards, possession and to make feminine from masculine nouns. Nouns can also show singular and plural in three classes: masculine, feminine, and neuter or tree nouns.</li>\r\n<li>Verbs have 4 tenses: future, present, and two pasts; various suffixes also show that someone &lsquo;keeps on&rsquo; doing something, or that people are doing something &lsquo;to each other&rsquo; .</li>\r\n<li>Word order is fairly free, although there is a tendency toward Subject &ndash; Object &ndash; Verb word order.</li>\r\n</ul>\r\n<p>&nbsp;</p>', '|2|', NULL, '', 'T', '2015-02-05 12:35:38', 1, '2015-02-05 12:36:17', 1, 'F'),
(58, 'outline_of_resources', 'Outline of resources', 'T', '0', '<p>Various people, including researchers, have been writing down information about the Bandjalung language since the late 1800s. A few Bundjalung dialects have been recorded in some detail, while for others there are limited records, or no record at all. A large collection of audio recordings of Bundjalung speakers, and researchers&rsquo; field notes are held at the Australian Institute of Aboriginal and Torres Strait Islander Studies in Canberra.</p>\r\n<p>&nbsp;</p>', '<p>There are four dialects that have been described in detail:</p>\r\n<ul>\r\n<li>Yugumbeh: Cunningham&rsquo;s 1969 grammar is reliable;</li>\r\n<li>Gidabal: the Geytenbeek&rsquo;s 1971 grammar and word-list;</li>\r\n<li>Wahlubal or Western Bundjalung: Crowley&rsquo;s 1978 grammar and wordlist is the most detailed available;</li>\r\n<li>Casino dialect: Smythe&rsquo;s 1940s description first appeared in Crowley 1978;</li>\r\n<li>Sharpe&rsquo;s description of&nbsp; the &lsquo;Yugambeh-Bundjalung dialect chain&rsquo;.</li>\r\n</ul>\r\n<p>There are brief sketch grammars on several Bundjalung dialects, including:</p>\r\n<ul>\r\n<li>the Minjangbal dialect of Byron Bay, Livingstone (1892),</li>\r\n<li>Biirin dialect of Rappville and the Baryulgil dialect, Crowley (n.d)</li>\r\n<li>Bundjalung dialect of Bungawalbin Creek, Holmer (1971)</li>\r\n<li>over 17 word-lists from various areas, Hargrave (Science of Man:1903).</li>\r\n</ul>', '|2|', NULL, '', 'T', '2015-02-05 12:39:18', 1, '2015-02-05 12:39:44', 1, 'F'),
(59, 'traditional_country', 'Traditional country', 'T', '0', '', '<p>The Bundjalung language was spoken in an area that included the north-east corner of New South Wales and the south-eastern corner of Queensland. This area stretches from Grafton on the Clarence River in the south, to the Logan River in the north and inland as far as the Great Dividing Range at Tenterfield and Warwick. It includes the regional centres of Lismore, Casino, Kyogle, Woodenbong, Byron Bay, Ballina, Coolangatta-Tweed Heads, Murwillumbah, the Gold Coast, Beaudesert and Warwick.</p>\r\n<p>&nbsp;</p>', '|2|3|', NULL, '', 'T', '2015-02-05 12:59:25', 1, '2015-02-05 13:00:48', 1, 'F'),
(60, 'language_background', 'Language background', 'T', '0', '', '<p>Bundjalung (also spelt Bandjalang or Banjalang) belongs to the Pama-Nyungan family of Australia languages. At the time of first contact with Europeans in the mid 1800s, there was up to 20 dialects of Bundjalung. &lsquo;Bundjalung&rsquo; has been used as a general term for the whole language (covering all the different dialects) and also as a term to refer to certain individual dialects. However, each dialect has a specific name of its own. Dialects include: Wahlubal (also known as Western Bandjalang), Yugambeh, Birrihn, the Barryugil dialect, Bandjalang, Wudjebal, Wiyabal, Wuhyabal, Minyangbal, Gidhabal, Galibal and Ngarrahngbal. Many of these names point to some characteristic peculiar to that dialect. For example, Gidhabal means &lsquo;those who say gidha (alright)&rsquo;, while Wiyabal means &lsquo;those who say wiya (you)&rsquo;.&nbsp; It is thought that the term &lsquo;Bandjalung&rsquo; was originally used to describe the dialect spoken around Bangawalbin Creek and that this name was later used to cover all dialects.</p>\r\n<p>Although Bundjalung people slowed the stealing of tribal lands by European settlers, the European invasion had a severe impact on population, settlement and inhabitation of tradition areas, and on cultural practices, including language use. The use of Bundjalung was actively suppressed, and English emerged as a common language. Despite the forces working against Bundjalung, some dialects were still actively and widely used as late as the 1950s.</p>\r\n<p>&nbsp;</p>', '|2|', NULL, '', 'T', '2015-02-05 13:00:00', 1, '2015-02-05 13:00:26', 1, 'F'),
(61, 'people', 'People', 'T', '0', '', '<p>Bundjalung people have been teaching their language and culture in community groups and schools for many years. Years ago, Bundjalung people were multilingual, also speaking the languages of their neighbours. Several Bundjalung speakers were recorded in the1960s and 1970s; along with today&rsquo;s speakers, these recordings form the bedrock for current Bundjalung language revitalisation.</p>', '|1|', NULL, '', 'T', '2015-02-05 13:00:51', 1, '2015-02-05 13:01:29', 1, 'F');

-- --------------------------------------------------------

--
-- Table structure for table `plugin_wiki_page_archive`
--

CREATE TABLE IF NOT EXISTS `plugin_wiki_page_archive` (
`id` int(11) NOT NULL,
  `current_record` int(11) DEFAULT NULL,
  `slug` varchar(255) DEFAULT NULL,
  `title` varchar(255) DEFAULT NULL,
  `is_public` char(1) DEFAULT NULL,
  `worksheet` tinyint(1) NOT NULL DEFAULT '0',
  `summary` mediumtext NOT NULL,
  `body` longtext,
  `tags` varchar(200) NOT NULL,
  `role` int(11) DEFAULT NULL,
  `changelog` varchar(255) DEFAULT NULL,
  `is_active` char(1) DEFAULT NULL,
  `created_on` datetime DEFAULT NULL,
  `created_by` int(11) DEFAULT NULL,
  `modified_on` datetime DEFAULT NULL,
  `modified_by` int(11) DEFAULT NULL,
  `comments_allowed` char(1) NOT NULL DEFAULT 'F'
) ENGINE=MyISAM  DEFAULT CHARSET=utf8 AUTO_INCREMENT=30 ;

--
-- Dumping data for table `plugin_wiki_page_archive`
--

INSERT INTO `plugin_wiki_page_archive` (`id`, `current_record`, `slug`, `title`, `is_public`, `worksheet`, `summary`, `body`, `tags`, `role`, `changelog`, `is_active`, `created_on`, `created_by`, `modified_on`, `modified_by`, `comments_allowed`) VALUES
(1, 49, 'usedictionary', 'Use of Dictionary', 'T', 0, 'Darruyay yilaaming maam-weba Muurrbay-gundi.  Ngawaadu ngiyaanya, yuludarla wajaarr gani.  Ngawaadu jalaarla ngiyambala muugay waarruwaygam; ngiyaanya balmuunambay.  Welcome to the Muurrbay website.  Our language comes from our country.  Language gives us our identity and makes us strong.', 'Explain how to use dictionary here', '|2|', NULL, '', 'T', '2015-01-16 12:46:17', 2, '2015-01-16 12:49:48', 2, 'F'),
(2, 49, 'usedictionary', 'Use of Dictionary', 'T', 0, '<p class="p1"><span class="s1">Muurrbay plans to conduct workshops around Bundjalung-Yugambeh country to help people use this online dictionary. It is a work in progress so you feedback is important to us.</span></p>', '<p>Explain how to use dictionary here</p>', '|2|', NULL, '', 'T', '2015-01-16 12:46:17', 2, '2015-02-02 13:04:12', 1, 'F'),
(3, 55, 'written_examples_of_the_language', 'written examples of the language', 'T', 0, '', '', '', NULL, '', 'T', '2015-02-05 12:33:05', 1, '2015-02-05 12:33:05', 1, 'F'),
(4, 55, 'written_examples_of_the_language', 'Written examples of the language', 'T', 0, '', '<p>These sentences are from Wahlubal/Western Bandjalang ( Crowley:1978).</p>\r\n<p>Ngay waymalehla nganyahya nguyaya.<br />I am speaking my own language.</p>\r\n<p><em>Nyarram mala behn gudjahrra</em>.<br />The frilled-neck lizard fell into a hole.</p>\r\n<p><em>Wanah yirrali-ngahyumah</em>.<br />Don&rsquo;t (speak in) English.</p>\r\n<p><em>Mala baygal djehrr</em>.<br />That man is big.</p>\r\n<p><em>Djununu wudja yang giwani</em>.<br />Where have you come from?</p>\r\n<p><em>Maliyu dandaygambu yarbini.</em><em><br /></em>That man sang (a song).</p>\r\n<p><em>Mala bin-gihng birrah waybarra mala waganyngula</em>.<br />Throw that turtle onto the fire, and that catfish too!</p>\r\n<p><em>Yuh ngali yanah buyan gala djahnanah</em>.<br />Let&rsquo;s go later when the wind stops.</p>', '||', NULL, '', 'T', '2015-02-05 12:33:05', 1, '2015-02-05 12:33:58', 1, 'F'),
(5, 57, 'outline_of_the_language', 'outline of the language', 'T', 0, '', '', '', NULL, '', 'T', '2015-02-05 12:35:38', 1, '2015-02-05 12:35:38', 1, 'F'),
(6, 57, 'outline_of_the_language', 'outline of the language', 'T', 0, '', '<ul>\r\n<li>Bundjalung has 4 vowels: i, a, u and e each of which can also be pronounced as a longer vowel. There are 10 consonants: b, d, dj, g, m, n, ng, ny, l, r, w and y.</li>\r\n<li>Nouns take many different suffixes (tag endings) to mark such roles as subject, object, instrument, location, movement towards, possession and to make feminine from masculine nouns. Nouns can also show singular and plural in three classes: masculine, feminine, and neuter or tree nouns.</li>\r\n<li>Verbs have 4 tenses: future, present, and two pasts; various suffixes also show that someone &lsquo;keeps on&rsquo; doing something, or that people are doing something &lsquo;to each other&rsquo; .</li>\r\n<li>Word order is fairly free, although there is a tendency toward Subject &ndash; Object &ndash; Verb word order.</li>\r\n</ul>\r\n<p>&nbsp;</p>', '|2|', NULL, '', 'T', '2015-02-05 12:35:38', 1, '2015-02-05 12:36:03', 1, 'F'),
(7, 55, 'written_examples_of_the_language', 'Written examples of the language', 'T', 0, '', '<p>These sentences are from Wahlubal/Western Bandjalang ( Crowley:1978).</p>\r\n<p>Ngay waymalehla nganyahya nguyaya.<br />I am speaking my own language.</p>\r\n<p><em>Nyarram mala behn gudjahrra</em>.<br />The frilled-neck lizard fell into a hole.</p>\r\n<p><em>Wanah yirrali-ngahyumah</em>.<br />Don&rsquo;t (speak in) English.</p>\r\n<p><em>Mala baygal djehrr</em>.<br />That man is big.</p>\r\n<p><em>Djununu wudja yang giwani</em>.<br />Where have you come from?</p>\r\n<p><em>Maliyu dandaygambu yarbini.</em><em><br /></em>That man sang (a song).</p>\r\n<p><em>Mala bin-gihng birrah waybarra mala waganyngula</em>.<br />Throw that turtle onto the fire, and that catfish too!</p>\r\n<p><em>Yuh ngali yanah buyan gala djahnanah</em>.<br />Let&rsquo;s go later when the wind stops.</p>', '|35|', NULL, '', 'T', '2015-02-05 12:33:05', 1, '2015-02-05 12:34:20', 1, 'F'),
(8, 58, 'outline_of_resources', 'outline of resources', 'T', 0, '', '', '', NULL, '', 'T', '2015-02-05 12:39:18', 1, '2015-02-05 12:39:18', 1, 'F'),
(9, 56, 'history', 'history', 'T', 0, '', '', '', NULL, '', 'T', '2015-02-05 12:35:18', 1, '2015-02-05 12:35:18', 1, 'F'),
(10, 59, 'traditional_country', 'traditional country', 'T', 0, '', '', '', NULL, '', 'T', '2015-02-05 12:59:25', 1, '2015-02-05 12:59:25', 1, 'F'),
(11, 60, 'language_background', 'language background', 'T', 0, '', '', '', NULL, '', 'T', '2015-02-05 13:00:00', 1, '2015-02-05 13:00:00', 1, 'F'),
(12, 59, 'traditional_country', 'Traditional country', 'T', 0, '', '<p>The Bundjalung language was spoken in an area that included the north-east corner of New South Wales and the south-eastern corner of Queensland. This area stretches from Grafton on the Clarence River in the south, to the Logan River in the north and inland as far as the Great Dividing Range at Tenterfield and Warwick. It includes the regional centres of Lismore, Casino, Kyogle, Woodenbong, Byron Bay, Ballina, Coolangatta-Tweed Heads, Murwillumbah, the Gold Coast, Beaudesert and Warwick.</p>\r\n<p>&nbsp;</p>', '|2|', NULL, '', 'T', '2015-02-05 12:59:25', 1, '2015-02-05 12:59:43', 1, 'F'),
(13, 61, 'people', 'people', 'T', 0, '', '', '', NULL, '', 'T', '2015-02-05 13:00:51', 1, '2015-02-05 13:00:51', 1, 'F'),
(14, 55, 'written_examples_of_the_language', 'Written examples of the language', 'T', 0, '', '<p>These sentences are from Wahlubal/Western Bandjalang ( Crowley:1978).</p>\r\n<p>Ngay waymalehla nganyahya nguyaya.<br />I am speaking my own language.</p>\r\n<p><em>Nyarram mala behn gudjahrra</em>.<br />The frilled-neck lizard fell into a hole.</p>\r\n<p><em>Wanah yirrali-ngahyumah</em>.<br />Don&rsquo;t (speak in) English.</p>\r\n<p><em>Mala baygal djehrr</em>.<br />That man is big.</p>\r\n<p><em>Djununu wudja yang giwani</em>.<br />Where have you come from?</p>\r\n<p><em>Maliyu dandaygambu yarbini.</em><em><br /></em>That man sang (a song).</p>\r\n<p><em>Mala bin-gihng birrah waybarra mala waganyngula</em>.<br />Throw that turtle onto the fire, and that catfish too!</p>\r\n<p><em>Yuh ngali yanah buyan gala djahnanah</em>.<br />Let&rsquo;s go later when the wind stops.</p>', '|2|', NULL, '', 'T', '2015-02-05 12:33:05', 1, '2015-02-05 12:36:36', 1, 'F'),
(15, 55, 'written_examples_of_the_language', 'Written examples of the language', 'T', 0, '<p><a href="../../../language/dictionary">/language/dictionary</a></p>', '<p>These sentences are from Wahlubal/Western Bandjalang ( Crowley:1978).</p>\r\n<p>Ngay waymalehla nganyahya nguyaya.<br />I am speaking my own language.</p>\r\n<p><em>Nyarram mala behn gudjahrra</em>.<br />The frilled-neck lizard fell into a hole.</p>\r\n<p><em>Wanah yirrali-ngahyumah</em>.<br />Don&rsquo;t (speak in) English.</p>\r\n<p><em>Mala baygal djehrr</em>.<br />That man is big.</p>\r\n<p><em>Djununu wudja yang giwani</em>.<br />Where have you come from?</p>\r\n<p><em>Maliyu dandaygambu yarbini.</em><em><br /></em>That man sang (a song).</p>\r\n<p><em>Mala bin-gihng birrah waybarra mala waganyngula</em>.<br />Throw that turtle onto the fire, and that catfish too!</p>\r\n<p><em>Yuh ngali yanah buyan gala djahnanah</em>.<br />Let&rsquo;s go later when the wind stops.</p>\r\n<p>&nbsp;</p>\r\n<p>There are a lot of examples in the dictionary.</p>', '|2|', NULL, '', 'T', '2015-02-05 12:33:05', 1, '2015-02-05 13:02:41', 1, 'F'),
(16, 29, 'Sounds', 'Sounds', 'T', 0, 'Sound of letters in Bundjalung', '<p style="" margin-top:0cm;margin-right:35.1pt;margin-bottom:.0001pt;margin-left:34.9pt;text-indent:36.0pt""=""><strong>u</strong>\r\nsounds like <strong>u</strong> in <strong>put</strong> or <strong>oo</strong> in <strong>good.</strong></p>\r\n<p style="" margin-top:0cm;margin-right:35.1pt;margin-bottom:.0001pt";margin-left:70.9pt"=""><strong>jugjug </strong>(pronounced chook chook –\r\nyou can guess it was borrowed from English)&nbsp; a chook, a hen</p>\r\n<p style="" margin-top:0cm;margin-right:35.1pt;margin-bottom:.0001pt";margin-left:70.9pt"="">&nbsp;<strong>ruwu</strong>&nbsp; (roo-woo)&nbsp; tree &nbsp;&nbsp;&nbsp;&nbsp;&nbsp;&nbsp;&nbsp;&nbsp; <strong>wubu</strong>&nbsp; fire&nbsp;&nbsp;(wooboo\r\nor ooboo)</p>\r\n<p style="" margin-top:0cm;margin-right:35.1pt;margin-bottom:.0001pt";margin-left:70.9pt"="">&nbsp;(At the\r\nbeginnings of words, <strong>wu</strong> can sound\r\nlike <strong>u</strong>.)</p>\r\n<p style="" margin-top:0cm;margin-right:35.1pt;margin-bottom:.0001pt;margin-left:70.9pt;text-align:center"="">&nbsp;</p>\r\n<p style="" margin-top:0cm;margin-right:35.1pt;margin-bottom:.0001pt;margin-left:70.9pt;text-align:center"=""><img width="271" height="254" src="/image/campfire.png" shapes="_x0000_i1025"></p>\r\n<p style="" margin-top:0cm;margin-right:35.1pt;margin-bottom:.0001pt;margin-left:70.9pt;text-align:center"=""><strong>Jugjug ruwir?    Jugjug wubir!</strong></p>\r\n<p style="" margin-top:0cm;margin-right:35.1pt;margin-bottom:.0001pt;margin-left:70.9pt;text-align:center"="">Is the chook in the\r\ntree?&nbsp; The chook is in the fire!</p>\r\n<p style="" margin-top:0cm;margin-right:35.1pt;margin-bottom:.0001pt;margin-left:70.9pt;text-align:center"=""><strong>Burda-yireni nda jugjug!</strong></p>\r\n<p style="" margin-top:0cm;margin-right:35.1pt;margin-bottom:.0001pt;margin-left:70.9pt;text-align:center"="">They are cooking the chook!</p>\r\n<div><strong><br></strong></div>', '|14|', NULL, '', 'T', '2013-08-24 22:04:31', 1, '2014-08-02 13:05:04', 2, 'F'),
(17, 29, 'Sounds', 'Sounds', 'T', 0, '<p>Sound of letters in Bundjalung</p>', '<p><strong>u</strong> sounds like <strong>u</strong> in <strong>put</strong> or <strong>oo</strong> in <strong>good.</strong></p>\r\n<p><strong>jugjug </strong>(pronounced chook chook &ndash; you can guess it was borrowed from English)&nbsp; a chook, a hen</p>\r\n<p>&nbsp;<strong>ruwu</strong>&nbsp; (roo-woo)&nbsp; tree &nbsp;&nbsp;&nbsp;&nbsp;&nbsp;&nbsp;&nbsp;&nbsp; <strong>wubu</strong>&nbsp; fire&nbsp;&nbsp;(wooboo or ooboo)</p>\r\n<p>&nbsp;(At the beginnings of words, <strong>wu</strong> can sound like <strong>u</strong>.)</p>\r\n<p>&nbsp;</p>\r\n<p><img src="../../../uploads/image/campfire.png" alt="" width="271" height="254" /></p>\r\n<p><strong>Jugjug ruwir? Jugjug wubir!</strong></p>\r\n<p>Is the chook in the tree?&nbsp; The chook is in the fire!</p>\r\n<p><strong>Burda-yireni nda jugjug!</strong></p>\r\n<p>They are cooking the chook!</p>\r\n<div><strong>&nbsp;</strong></div>', '|14|', NULL, '', 'T', '2013-08-24 22:04:31', 1, '2015-02-05 13:33:44', 1, 'F'),
(18, 29, 'Sounds', 'Sounds', 'T', 0, '<p>Sound of letters in Bundjalung</p>', '<p><strong>u</strong> sounds like <strong>u</strong> in <strong>put</strong> or <strong>oo</strong> in <strong>good.</strong></p>\r\n<p><strong>jugjug </strong>(pronounced chook chook &ndash; you can guess it was borrowed from English)&nbsp; a chook, a hen</p>\r\n<p>&nbsp;<strong>ruwu</strong>&nbsp; (roo-woo)&nbsp; tree &nbsp;&nbsp;&nbsp;&nbsp;&nbsp;&nbsp;&nbsp;&nbsp; <strong>wubu</strong>&nbsp; fire&nbsp;&nbsp;(wooboo or ooboo)</p>\r\n<p>&nbsp;(At the beginnings of words, <strong>wu</strong> can sound like <strong>u</strong>.)</p>\r\n<p>&nbsp;</p>\r\n<p><img src="../../uploads/image/campfire.png" alt="" width="271" height="254" /></p>\r\n<p><strong>Jugjug ruwir? Jugjug wubir!</strong></p>\r\n<p>Is the chook in the tree?&nbsp; The chook is in the fire!</p>\r\n<p><strong>Burda-yireni nda jugjug!</strong></p>\r\n<p>They are cooking the chook!</p>\r\n<div><strong>&nbsp;</strong></div>', '|14|', NULL, '', 'T', '2013-08-24 22:04:31', 1, '2015-02-05 13:50:53', 1, 'F'),
(19, 29, 'Sounds', 'Sounds', 'T', 0, '<p>Sound of letters in Bundjalung</p>', '<p><strong>u</strong> sounds like <strong>u</strong> in <strong>put</strong> or <strong>oo</strong> in <strong>good.</strong></p>\r\n<p><strong>jugjug </strong>(pronounced chook chook &ndash; you can guess it was borrowed from English)&nbsp; a chook, a hen</p>\r\n<p>&nbsp;<strong>ruwu</strong>&nbsp; (roo-woo)&nbsp; tree &nbsp;&nbsp;&nbsp;&nbsp;&nbsp;&nbsp;&nbsp;&nbsp; <strong>wubu</strong>&nbsp; fire&nbsp;&nbsp;(wooboo or ooboo)</p>\r\n<p>&nbsp;(At the beginnings of words, <strong>wu</strong> can sound like <strong>u</strong>.)</p>\r\n<p>&nbsp;</p>\r\n<p><img src="../../uploads/image/campfire.png" alt="" width="271" height="254" /></p>\r\n<p><strong>Jugjug ruwir? Jugjug wubir!</strong></p>\r\n<p>Is the chook in the tree?&nbsp; The chook is in the fire!</p>\r\n<p><strong>Burda-yireni nda jugjug!</strong></p>\r\n<p>They are cooking the chook!</p>\r\n<div><strong>&nbsp;</strong></div>', '|14|', NULL, '', 'T', '2013-08-24 22:04:31', 1, '2015-02-05 13:51:50', 1, 'F'),
(20, 29, 'Sounds', 'Sounds', 'T', 0, '<p>Sound of letters in Bundjalung</p>', '<p><strong>u</strong> sounds like <strong>u</strong> in <strong>put</strong> or <strong>oo</strong> in <strong>good.</strong></p>\r\n<p><strong>jugjug </strong>(pronounced chook chook &ndash; you can guess it was borrowed from English)&nbsp; a chook, a hen</p>\r\n<p>&nbsp;<strong>ruwu</strong>&nbsp; (roo-woo)&nbsp; tree &nbsp;&nbsp;&nbsp;&nbsp;&nbsp;&nbsp;&nbsp;&nbsp; <strong>wubu</strong>&nbsp; fire&nbsp;&nbsp;(wooboo or ooboo)</p>\r\n<p>&nbsp;(At the beginnings of words, <strong>wu</strong> can sound like <strong>u</strong>.)</p>\r\n<p>&nbsp;</p>\r\n<p><img src="/Bundjalung/download/images/campfire.png" alt="" width="271" height="254" /></p>\r\n<p><strong>Jugjug ruwir? Jugjug wubir!</strong></p>\r\n<p>Is the chook in the tree?&nbsp; The chook is in the fire!</p>\r\n<p><strong>Burda-yireni nda jugjug!</strong></p>\r\n<p>They are cooking the chook!</p>\r\n<div><strong>&nbsp;</strong></div>', '|14|', NULL, '', 'T', '2013-08-24 22:04:31', 1, '2015-02-05 13:58:13', 1, 'F'),
(21, 29, 'Sounds', 'Sounds', 'T', 0, '<p>Sound of letters in Bundjalung</p>', '<p><strong>u</strong> sounds like <strong>u</strong> in <strong>put</strong> or <strong>oo</strong> in <strong>good.</strong></p>\r\n<p><strong>jugjug </strong>(pronounced chook chook &ndash; you can guess it was borrowed from English)&nbsp; a chook, a hen</p>\r\n<p>&nbsp;<strong>ruwu</strong>&nbsp; (roo-woo)&nbsp; tree &nbsp;&nbsp;&nbsp;&nbsp;&nbsp;&nbsp;&nbsp;&nbsp; <strong>wubu</strong>&nbsp; fire&nbsp;&nbsp;(wooboo or ooboo)</p>\r\n<p>&nbsp;(At the beginnings of words, <strong>wu</strong> can sound like <strong>u</strong>.)</p>\r\n<p>&nbsp;</p>\r\n<p><img src="/Bundjalung/download/images/campfire.png" alt="" width="271" height="254" /></p>\r\n<p><strong>Jugjug ruwir? Jugjug wubir!</strong></p>\r\n<p>Is the chook in the tree?&nbsp; The chook is in the fire!</p>\r\n<p><strong>Burda-yireni nda jugjug!</strong></p>\r\n<p>They are cooking the chook!</p>\r\n<div><strong>&nbsp;</strong></div>', '|14|', NULL, '', 'T', '2013-08-24 22:04:31', 1, '2015-02-05 13:59:23', 1, 'F'),
(22, 29, 'Sounds', 'Sounds', 'T', 0, '<p>Sound of letters in Bundjalung</p>', '<p><strong>u</strong> sounds like <strong>u</strong> in <strong>put</strong> or <strong>oo</strong> in <strong>good.</strong></p>\r\n<p><strong>u</strong> sounds like <strong>u</strong> in <strong>put</strong> or <strong>oo</strong> in <strong>good.</strong></p>\r\n<p><strong>Jugi-jugi </strong>(pronounced chooky chooky &ndash; you can guess it was borrowed from English) a chook, a hen</p>\r\n<p>&nbsp;</p>\r\n<p><strong>jali</strong> (jall-ee) tree &nbsp;&nbsp;&nbsp;&nbsp;&nbsp;&nbsp;&nbsp; <strong>waybar</strong> fire &nbsp; &nbsp;(why-barr or web-barr)</p>\r\n<p>&nbsp;</p>\r\n<p><img src="http://bundjalung.dalang.com.au/image/campfire.png" alt="" width="271" height="254" /></p>\r\n<p><strong>Jugi-jugi jaliyah?&nbsp;&nbsp;&nbsp;&nbsp;&nbsp;&nbsp; Jugi-jugi waybarah!</strong></p>\r\n<p>Is the chook in the tree? The chook is in the fire!</p>\r\n<p><strong>Guybahla mala!</strong></p>\r\n<p>They are roasting it!</p>\r\n<h4><strong>More sounds</strong></h4>\r\n<p>&nbsp;</p>\r\n<p><strong>(Bundjalung bandjalahm)</strong></p>\r\n<p>butterfly</p>\r\n<div><strong><img style="margin-right: 100px; margin-left: 100px;" src="http://bundjalung.dalang.com.au/image/butterfly.png" alt="" width="72" height="42" /></strong></div>\r\n<div style="text-align: right;"><strong>Bahbany jalum-nguhrgan.</strong></div>\r\n<div>\r\n<p style="text-align: right;">Granny has fish</p>\r\n<p><img style="float: right;" src="http://bundjalung.dalang.com.au/image/Actions/caught_fish.png" alt="" width="100" /></p>\r\n<p>&nbsp;</p>\r\n<p>&nbsp;</p>\r\n<p><strong>Baygal budjarbiny-nguhrgan. </strong> The man has flowers.</p>\r\n<p>&nbsp;<img src="man_with_lowers.png" alt="" /></p>\r\n<p><strong>Yan.gahla</strong></p>\r\n<p>going&nbsp;&nbsp;&nbsp;&nbsp;&nbsp;&nbsp;&nbsp;&nbsp;</p>\r\n<p>&nbsp;</p>\r\n<p><strong>nangany (nungany)</strong> vegetable food</p>\r\n<p>&nbsp;</p>\r\n<p><strong>Nyah nganyi!</strong> Look at me!</p>\r\n<p>&nbsp;</p>\r\n<p><strong>Gundur jaliyah!</strong> The rat in the tree!</p>\r\n<p><strong>gundur</strong> hair of head</p>\r\n<p>&nbsp;</p>\r\n<p>&nbsp;&nbsp;&nbsp;&nbsp;&nbsp;</p>\r\n<p>&nbsp;</p>\r\n<p>&nbsp;</p>\r\n<p>&nbsp;</p>\r\n<p><strong>Dandaygam gandulah nyulangaha. </strong></p>\r\n<p>The old man in his boat.</p>\r\n<p>&nbsp;</p>\r\n<p>&nbsp;</p>\r\n<p><strong>Wagahn jaliyah. </strong></p>\r\n<p>The crow in the tree.</p>\r\n<p><strong>&nbsp;</strong></p>\r\n<p><strong>Yagay! Waringihn jinanggah nganyah!</strong></p>\r\n<p>Yah! There&rsquo;s a caterpillar on my foot!</p>\r\n<p>&nbsp;</p>\r\n<p>&nbsp;</p>\r\n<strong>&nbsp;</strong></div>', '|14|', NULL, '', 'T', '2013-08-24 22:04:31', 1, '2015-02-05 14:16:02', 1, 'F'),
(23, 29, 'Sounds', 'Sounds', 'T', 0, '<p>Sound of letters in Bundjalung</p>', '<p><strong>u</strong> sounds like <strong>u</strong> in <strong>put</strong> or <strong>oo</strong> in <strong>good.</strong></p>\r\n<p><strong>u</strong> sounds like <strong>u</strong> in <strong>put</strong> or <strong>oo</strong> in <strong>good.</strong></p>\r\n<p><strong>Jugi-jugi </strong>(pronounced chooky chooky &ndash; you can guess it was borrowed from English) a chook, a hen</p>\r\n<p>&nbsp;</p>\r\n<p><strong>jali</strong> (jall-ee) tree &nbsp;&nbsp;&nbsp;&nbsp;&nbsp;&nbsp;&nbsp; <strong>waybar</strong> fire &nbsp; &nbsp;(why-barr or web-barr)</p>\r\n<p>&nbsp;</p>\r\n<p><img src="campfire.png" alt="" width="271" height="254" /></p>\r\n<p><strong>Jugi-jugi jaliyah?&nbsp;&nbsp;&nbsp;&nbsp;&nbsp;&nbsp; Jugi-jugi waybarah!</strong></p>\r\n<p>Is the chook in the tree? The chook is in the fire!</p>\r\n<p><strong>Guybahla mala!</strong></p>\r\n<p>They are roasting it!</p>\r\n<h4><strong>More sounds</strong></h4>\r\n<p>&nbsp;</p>\r\n<p><strong>(Bundjalung bandjalahm)</strong></p>\r\n<p>butterfly</p>\r\n<div><strong><img style="margin-right: 100px; margin-left: 100px;" src="butterfly.png" alt="" width="72" height="42" /></strong></div>\r\n<div style="text-align: right;"><strong>Bahbany jalum-nguhrgan.</strong></div>\r\n<div>\r\n<p style="text-align: right;">Granny has fish</p>\r\n<p><img style="float: right;" src="Actions/caught_fish.png" alt="" width="100" /></p>\r\n<p>&nbsp;</p>\r\n<p>&nbsp;</p>\r\n<p><strong>Baygal budjarbiny-nguhrgan. </strong> The man has flowers.</p>\r\n<p style="text-align: left;">&nbsp;<img src="man_with_flowers.png" alt="" width="46" height="82" /></p>\r\n<p style="text-align: right;"><img src="going.png" alt="" width="60" height="75" /></p>\r\n<p style="text-align: right;"><strong>Yan.gahla</strong></p>\r\n<p style="text-align: right;">going&nbsp;&nbsp;&nbsp;&nbsp;&nbsp;&nbsp;&nbsp;&nbsp;</p>\r\n<p><img src="vegetables.png" alt="" width="331" height="42" />&nbsp;</p>\r\n<p><strong>nangany (nungany)</strong> vegetable food</p>\r\n<p>&nbsp;<img src="look_at_me.png" alt="" width="62" height="67" /></p>\r\n<p><strong>Nyah nganyi!</strong> Look at me!</p>\r\n<p>&nbsp;<img src="rat_in_tree.png" alt="" width="159" height="106" /></p>\r\n<p><strong>Gundur jaliyah!</strong> The rat in the tree!</p>\r\n<p><img style="float: right;" src="hair.png" alt="" width="77" height="88" /></p>\r\n<p style="text-align: right;"><strong>gundur</strong> hair of head</p>\r\n<p>&nbsp;</p>\r\n<p>&nbsp;&nbsp;&nbsp;&nbsp;&nbsp;</p>\r\n<p>&nbsp;</p>\r\n<p>&nbsp;</p>\r\n<p>&nbsp;<img src="man_in_boat.png" alt="" width="107" height="71" /></p>\r\n<p><strong>Dandaygam gandulah nyulangaha. </strong></p>\r\n<p>The old man in his boat.</p>\r\n<p>&nbsp;<img src="crow_in_tree.png" alt="" width="163" height="134" /></p>\r\n<p>&nbsp;</p>\r\n<p><strong>Wagahn jaliyah. </strong></p>\r\n<p>The crow in the tree.</p>\r\n<p><strong>&nbsp;<img src="caterpillar.png" alt="" width="115" height="73" /></strong></p>\r\n<p><strong>Yagay! Waringihn jinanggah nganyah!</strong></p>\r\n<p>Yah! There&rsquo;s a caterpillar on my foot!</p>\r\n<p>&nbsp;</p>\r\n<p>&nbsp;</p>\r\n<strong>&nbsp;</strong></div>', '|14|', NULL, '', 'T', '2013-08-24 22:04:31', 1, '2015-02-05 14:20:19', 1, 'F'),
(24, 29, 'Sounds', 'Sounds', 'T', 0, '<p>Sound of letters in Bundjalung</p>', '<p><strong>u</strong> sounds like <strong>u</strong> in <strong>put</strong> or <strong>oo</strong> in <strong>good.</strong></p>\r\n<p><strong>u</strong> sounds like <strong>u</strong> in <strong>put</strong> or <strong>oo</strong> in <strong>good.</strong></p>\r\n<p><strong>Jugi-jugi </strong>(pronounced chooky chooky &ndash; you can guess it was borrowed from English) a chook, a hen</p>\r\n<p>&nbsp;</p>\r\n<p><strong>jali</strong> (jall-ee) tree &nbsp;&nbsp;&nbsp;&nbsp;&nbsp;&nbsp;&nbsp; <strong>waybar</strong> fire &nbsp; &nbsp;(why-barr or web-barr)</p>\r\n<p>&nbsp;</p>\r\n<p><img src="campfire.png" alt="" width="271" height="254" /></p>\r\n<p><strong>Jugi-jugi jaliyah?&nbsp;&nbsp;&nbsp;&nbsp;&nbsp;&nbsp; Jugi-jugi waybarah!</strong></p>\r\n<p>Is the chook in the tree? The chook is in the fire!</p>\r\n<p><strong>Guybahla mala!</strong></p>\r\n<p>They are roasting it!</p>\r\n<h4><strong>More sounds</strong></h4>\r\n<p>&nbsp;</p>\r\n<p><strong>(Bundjalung bandjalahm)</strong></p>\r\n<p>butterfly</p>\r\n<div><strong><img style="margin-right: 100px; margin-left: 100px;" src="butterfly.png" alt="" width="72" height="42" /></strong></div>\r\n<div style="text-align: right;"><strong>Bahbany jalum-nguhrgan.</strong></div>\r\n<div>\r\n<p style="text-align: right;">Granny has fish</p>\r\n<p><img style="float: right;" src="Actions/caught_fish.png" alt="" width="100" /></p>\r\n<p>&nbsp;</p>\r\n<p>&nbsp;</p>\r\n<p><strong>Baygal budjarbiny-nguhrgan. </strong> The man has flowers.</p>\r\n<p style="text-align: left;">&nbsp;<img src="man_with_flowers.png" alt="" width="46" height="82" /></p>\r\n<p style="text-align: right;"><img src="going.png" alt="" width="60" height="75" /></p>\r\n<p style="text-align: right;"><strong>Yan.gahla</strong></p>\r\n<p style="text-align: right;">going&nbsp;&nbsp;&nbsp;&nbsp;&nbsp;&nbsp;&nbsp;&nbsp;</p>\r\n<p><img src="vegetables.png" alt="" width="331" height="42" />&nbsp;</p>\r\n<p><strong>nangany (nungany)</strong> vegetable food</p>\r\n<p>&nbsp;<img src="look_at_me.png" alt="" width="62" height="67" /></p>\r\n<p><strong>Nyah nganyi!</strong> Look at me!</p>\r\n<p>&nbsp;<img src="rat_in_tree.png" alt="" width="159" height="106" /></p>\r\n<p><strong>Gundur jaliyah!</strong> The rat in the tree!</p>\r\n<p><img style="float: right;" src="hair.png" alt="" width="77" height="88" /></p>\r\n<p style="text-align: right;"><strong>gundur</strong> hair of head</p>\r\n<p>&nbsp;</p>\r\n<p>&nbsp;&nbsp;&nbsp;&nbsp;&nbsp;</p>\r\n<p>&nbsp;</p>\r\n<p>&nbsp;</p>\r\n<p>&nbsp;<img src="man_in_boat.png" alt="" width="107" height="71" /></p>\r\n<p><strong>Dandaygam gandulah nyulangaha. </strong></p>\r\n<p>The old man in his boat.</p>\r\n<p>&nbsp;<img src="crow_in_tree.png" alt="" width="163" height="134" /></p>\r\n<p>&nbsp;</p>\r\n<p><strong>Wagahn jaliyah. </strong></p>\r\n<p>The crow in the tree.</p>\r\n<p><strong>&nbsp;<img src="caterpillar.png" alt="" width="115" height="73" /></strong></p>\r\n<p><strong>Yagay! Waringihn jinanggah nganyah!</strong></p>\r\n<p>Yah! There&rsquo;s a caterpillar on my foot!</p>\r\n<p>&nbsp;</p>\r\n<p>&nbsp;</p>\r\n<strong>&nbsp;</strong></div>', '|14|', NULL, '', 'T', '2013-08-24 22:04:31', 1, '2015-02-05 14:24:45', 1, 'F'),
(25, 29, 'Sounds', 'Sounds', 'T', 0, '<p>Sound of letters in Bundjalung</p>', '<p><strong>u</strong> sounds like <strong>u</strong> in <strong>put</strong> or <strong>oo</strong> in <strong>good.</strong></p>\r\n<p><strong>u</strong> sounds like <strong>u</strong> in <strong>put</strong> or <strong>oo</strong> in <strong>good.</strong></p>\r\n<p><strong>Jugi-jugi </strong>(pronounced chooky chooky &ndash; you can guess it was borrowed from English) a chook, a hen</p>\r\n<p>&nbsp;</p>\r\n<p><strong>jali</strong> (jall-ee) tree &nbsp;&nbsp;&nbsp;&nbsp;&nbsp;&nbsp;&nbsp; <strong>waybar</strong> fire &nbsp; &nbsp;(why-barr or web-barr)</p>\r\n<p>&nbsp;</p>\r\n<p><img src="campfire.png" alt="" width="271" height="254" /></p>\r\n<p><strong>Jugi-jugi jaliyah?&nbsp;&nbsp;&nbsp;&nbsp;&nbsp;&nbsp; Jugi-jugi waybarah!</strong></p>\r\n<p>Is the chook in the tree? The chook is in the fire!</p>\r\n<p><strong>Guybahla mala!</strong></p>\r\n<p>They are roasting it!</p>\r\n<h4><strong>More sounds</strong></h4>\r\n<p>&nbsp;</p>\r\n<p><strong>(Bundjalung bandjalahm)</strong></p>\r\n<p>butterfly</p>\r\n<div><strong><img style="margin-right: 100px; margin-left: 100px;" src="butterfly.png" alt="" width="72" height="42" /></strong></div>\r\n<div style="text-align: right;"><strong>Bahbany jalum-nguhrgan.</strong></div>\r\n<div>\r\n<p style="text-align: right;">Granny has fish</p>\r\n<p><img style="float: right;" src="Actions/caught_fish.png" alt="" width="100" /></p>\r\n<p>&nbsp;</p>\r\n<p>&nbsp;</p>\r\n<p><strong>Baygal budjarbiny-nguhrgan. </strong> The man has flowers.</p>\r\n<p style="text-align: left;">&nbsp;<img src="man_with_flowers.png" alt="" width="46" height="82" /></p>\r\n<p style="text-align: right;"><img src="going.png" alt="" width="60" height="75" /></p>\r\n<p style="text-align: right;"><strong>Yan.gahla</strong></p>\r\n<p style="text-align: right;">going&nbsp;&nbsp;&nbsp;&nbsp;&nbsp;&nbsp;&nbsp;&nbsp;</p>\r\n<p><img src="vegetables.png" alt="" width="331" height="42" />&nbsp;</p>\r\n<p><strong>nangany (nungany)</strong> vegetable food</p>\r\n<p>&nbsp;<img src="look_at_me.png" alt="" width="62" height="67" /></p>\r\n<p><strong>Nyah nganyi!</strong> Look at me!</p>\r\n<p>&nbsp;<img src="rat_in_tree.png" alt="" width="159" height="106" /></p>\r\n<p><strong>Gundur jaliyah!</strong> The rat in the tree!</p>\r\n<p><img style="float: right;" src="hair.png" alt="" width="77" height="88" /></p>\r\n<p style="text-align: right;"><strong>gundur</strong> hair of head</p>\r\n<p>&nbsp;</p>\r\n<p>&nbsp;&nbsp;&nbsp;&nbsp;&nbsp;</p>\r\n<p>&nbsp;</p>\r\n<p>&nbsp;</p>\r\n<p>&nbsp;<img src="man_in_boat.png" alt="" width="107" height="71" /></p>\r\n<p><strong>Dandaygam gandulah nyulangaha. </strong></p>\r\n<p>The old man in his boat.</p>\r\n<p>&nbsp;<img src="crow_in_tree.png" alt="" width="163" height="134" /></p>\r\n<p>&nbsp;</p>\r\n<p><strong>Wagahn jaliyah. </strong></p>\r\n<p>The crow in the tree.</p>\r\n<p><strong>&nbsp;<img src="caterpillar.png" alt="" width="115" height="73" /></strong></p>\r\n<p><strong>Yagay! Waringihn jinanggah nganyah!</strong></p>\r\n<p>Yah! There&rsquo;s a caterpillar on my foot!</p>\r\n<p>&nbsp;</p>\r\n<p>&nbsp;</p>\r\n<strong>&nbsp;</strong></div>', '|14|', NULL, '', 'T', '2013-08-24 22:04:31', 1, '2015-02-05 14:27:01', 1, 'F'),
(26, 29, 'Sounds', 'Sounds', 'T', 0, '<p>Sound of letters in Bundjalung</p>', '<p><strong>u</strong> sounds like <strong>u</strong> in <strong>put</strong> or <strong>oo</strong> in <strong>good.</strong></p>\r\n<p><strong>u</strong> sounds like <strong>u</strong> in <strong>put</strong> or <strong>oo</strong> in <strong>good.</strong></p>\r\n<p><strong>Jugi-jugi </strong>(pronounced chooky chooky &ndash; you can guess it was borrowed from English) a chook, a hen</p>\r\n<p>&nbsp;</p>\r\n<p><strong>jali</strong> (jall-ee) tree &nbsp;&nbsp;&nbsp;&nbsp;&nbsp;&nbsp;&nbsp; <strong>waybar</strong> fire &nbsp; &nbsp;(why-barr or web-barr)</p>\r\n<p>&nbsp;</p>\r\n<p><img src="campfire.png" alt="" width="271" height="254" /></p>\r\n<p><strong>Jugi-jugi jaliyah?&nbsp;&nbsp;&nbsp;&nbsp;&nbsp;&nbsp; Jugi-jugi waybarah!</strong></p>\r\n<p>Is the chook in the tree? The chook is in the fire!</p>\r\n<p><strong>Guybahla mala!</strong></p>\r\n<p>They are roasting it!</p>\r\n<h4><strong>More sounds</strong></h4>\r\n<p>&nbsp;</p>\r\n<p><strong>(Bundjalung bandjalahm)</strong></p>\r\n<p>butterfly</p>\r\n<div><strong><img style="margin-right: 100px; margin-left: 100px;" src="butterfly.png" alt="" width="72" height="42" /></strong></div>\r\n<div style="text-align: right;"><strong>Bahbany jalum-nguhrgan.</strong></div>\r\n<div>\r\n<p style="text-align: right;">Granny has fish</p>\r\n<p><img style="float: right;" src="Actions/caught_fish.png" alt="" width="100" /></p>\r\n<p>&nbsp;</p>\r\n<p>&nbsp;</p>\r\n<p><strong>Baygal budjarbiny-nguhrgan. </strong> The man has flowers.</p>\r\n<p style="text-align: left;">&nbsp;<img src="man_with_flowers.png" alt="" width="46" height="82" /></p>\r\n<p style="text-align: right;"><img src="going.png" alt="" width="60" height="75" /></p>\r\n<p style="text-align: right;"><strong>Yan.gahla</strong></p>\r\n<p style="text-align: right;">going&nbsp;&nbsp;&nbsp;&nbsp;&nbsp;&nbsp;&nbsp;&nbsp;</p>\r\n<p><img src="vegetables.png" alt="" width="331" height="42" />&nbsp;</p>\r\n<p><strong>nangany (nungany)</strong> vegetable food</p>\r\n<p>&nbsp;<img src="look_at_me.png" alt="" width="62" height="67" /></p>\r\n<p><strong>Nyah nganyi!</strong> Look at me!</p>\r\n<p>&nbsp;<img src="rat_in_tree.png" alt="" width="159" height="106" /></p>\r\n<p><strong>Gundur jaliyah!</strong> The rat in the tree!</p>\r\n<p><img style="float: right;" src="hair.png" alt="" width="77" height="88" /></p>\r\n<p style="text-align: right;"><strong>gundur</strong> hair of head</p>\r\n<p>&nbsp;</p>\r\n<p>&nbsp;&nbsp;&nbsp;&nbsp;&nbsp;</p>\r\n<p>&nbsp;</p>\r\n<p>&nbsp;</p>\r\n<p>&nbsp;<img src="man_in_boat.png" alt="" width="107" height="71" /></p>\r\n<p><strong>Dandaygam gandulah nyulangaha. </strong></p>\r\n<p>The old man in his boat.</p>\r\n<p>&nbsp;<img src="crow_in_tree.png" alt="" width="163" height="134" /></p>\r\n<p>&nbsp;</p>\r\n<p><strong>Wagahn jaliyah. </strong></p>\r\n<p>The crow in the tree.</p>\r\n<p><strong>&nbsp;<img src="caterpillar.png" alt="" width="115" height="73" /></strong></p>\r\n<p><strong>Yagay! Waringihn jinanggah nganyah!</strong></p>\r\n<p>Yah! There&rsquo;s a caterpillar on my foot!</p>\r\n<p>&nbsp;</p>\r\n<p>&nbsp;</p>\r\n<strong>&nbsp;</strong></div>', '|14|', NULL, '', 'T', '2013-08-24 22:04:31', 1, '2015-02-05 14:30:13', 1, 'F'),
(27, 29, 'Sounds', 'Sounds', 'T', 0, '<p>Sound of letters in Bundjalung</p>', '<p><strong>u</strong> sounds like <strong>u</strong> in <strong>put</strong> or <strong>oo</strong> in <strong>good.</strong></p>\r\n<p><strong>u</strong> sounds like <strong>u</strong> in <strong>put</strong> or <strong>oo</strong> in <strong>good.</strong></p>\r\n<p><strong>Jugi-jugi </strong>(pronounced chooky chooky &ndash; you can guess it was borrowed from English) a chook, a hen</p>\r\n<p>&nbsp;</p>\r\n<p><strong>jali</strong> (jall-ee) tree &nbsp;&nbsp;&nbsp;&nbsp;&nbsp;&nbsp;&nbsp; <strong>waybar</strong> fire &nbsp; &nbsp;(why-barr or web-barr)</p>\r\n<p>&nbsp;</p>\r\n<p><img src="campfire.png" alt="" width="271" height="254" /></p>\r\n<p><strong>Jugi-jugi jaliyah?&nbsp;&nbsp;&nbsp;&nbsp;&nbsp;&nbsp; Jugi-jugi waybarah!</strong></p>\r\n<p>Is the chook in the tree? The chook is in the fire!</p>\r\n<p><strong>Guybahla mala!</strong></p>\r\n<p>They are roasting it!</p>\r\n<h4><strong>More sounds</strong></h4>\r\n<p>&nbsp;</p>\r\n<p><strong>(Bundjalung bandjalahm)</strong></p>\r\n<p>butterfly</p>\r\n<div><strong><img style="margin-right: 100px; margin-left: 100px;" src="butterfly.png" alt="" width="72" height="42" /></strong></div>\r\n<div style="text-align: right;"><strong>Bahbany jalum-nguhrgan.</strong></div>\r\n<div>\r\n<p style="text-align: right;">Granny has fish</p>\r\n<p><img style="float: right;" src="Actions/caught_fish.png" alt="" width="100" /></p>\r\n<p>&nbsp;</p>\r\n<p>&nbsp;</p>\r\n<p><strong>Baygal budjarbiny-nguhrgan. </strong> The man has flowers.</p>\r\n<p style="text-align: left;">&nbsp;<img src="man_with_flowers.png" alt="" width="46" height="82" /></p>\r\n<p style="text-align: right;"><img src="going.png" alt="" width="60" height="75" /></p>\r\n<p style="text-align: right;"><strong>Yan.gahla</strong></p>\r\n<p style="text-align: right;">going&nbsp;&nbsp;&nbsp;&nbsp;&nbsp;&nbsp;&nbsp;&nbsp;</p>\r\n<p><img src="vegetables.png" alt="" width="331" height="42" />&nbsp;</p>\r\n<p><strong>nangany (nungany)</strong> vegetable food</p>\r\n<p>&nbsp;<img src="look_at_me.png" alt="" width="62" height="67" /></p>\r\n<p><strong>Nyah nganyi!</strong> Look at me!</p>\r\n<p>&nbsp;<img src="rat_in_tree.png" alt="" width="159" height="106" /></p>\r\n<p><strong>Gundur jaliyah!</strong> The rat in the tree!</p>\r\n<p><img style="float: right;" src="hair.png" alt="" width="77" height="88" /></p>\r\n<p style="text-align: right;"><strong>gundur</strong> hair of head</p>\r\n<p>&nbsp;</p>\r\n<p>&nbsp;&nbsp;&nbsp;&nbsp;&nbsp;</p>\r\n<p>&nbsp;</p>\r\n<p>&nbsp;</p>\r\n<p>&nbsp;<img src="man_in_boat.png" alt="" width="107" height="71" /></p>\r\n<p><strong>Dandaygam gandulah nyulangaha. </strong></p>\r\n<p>The old man in his boat.</p>\r\n<p>&nbsp;<img src="crow_in_tree.png" alt="" width="163" height="134" /></p>\r\n<p>&nbsp;</p>\r\n<p><strong>Wagahn jaliyah. </strong></p>\r\n<p>The crow in the tree.</p>\r\n<p><strong>&nbsp;<img src="caterpillar.png" alt="" width="115" height="73" /></strong></p>\r\n<p><strong>Yagay! Waringihn jinanggah nganyah!</strong></p>\r\n<p>Yah! There&rsquo;s a caterpillar on my foot!</p>\r\n<p>&nbsp;</p>\r\n<p>&nbsp;</p>\r\n<strong>&nbsp;</strong></div>', '|14|', NULL, '', 'T', '2013-08-24 22:04:31', 1, '2015-02-05 17:16:09', 1, 'F'),
(28, 29, 'Sounds', 'Sounds', 'T', 0, '<p>Sound of letters in Bundjalung</p>', '<p><strong>u</strong> sounds like <strong>u</strong> in <strong>put</strong> or <strong>oo</strong> in <strong>good.</strong></p>\r\n<p><strong>u</strong> sounds like <strong>u</strong> in <strong>put</strong> or <strong>oo</strong> in <strong>good.</strong></p>\r\n<p><strong>Jugi-jugi </strong>(pronounced chooky chooky &ndash; you can guess it was borrowed from English) a chook, a hen</p>\r\n<p>&nbsp;</p>\r\n<p><strong>jali</strong> (jall-ee) tree &nbsp;&nbsp;&nbsp;&nbsp;&nbsp;&nbsp;&nbsp; <strong>waybar</strong> fire &nbsp; &nbsp;(why-barr or web-barr)</p>\r\n<p>&nbsp;</p>\r\n<p><img src="campfire.png" alt="" width="271" height="254" /></p>\r\n<p><strong>Jugi-jugi jaliyah?&nbsp;&nbsp;&nbsp;&nbsp;&nbsp;&nbsp; Jugi-jugi waybarah!</strong></p>\r\n<p>Is the chook in the tree? The chook is in the fire!</p>\r\n<p><strong>Guybahla mala!</strong></p>\r\n<p>They are roasting it!</p>\r\n<h4><strong>More sounds</strong></h4>\r\n<p>&nbsp;</p>\r\n<p><strong>(Bundjalung bandjalahm)</strong></p>\r\n<p>butterfly</p>\r\n<div><strong><img style="margin-right: 100px; margin-left: 100px;" src="butterfly.png" alt="" width="72" height="42" /></strong></div>\r\n<div style="text-align: right;"><strong>Bahbany jalum-nguhrgan.</strong></div>\r\n<div>\r\n<p style="text-align: right;">Granny has fish</p>\r\n<p><img style="float: right;" src="Actions/caught_fish.png" alt="" width="100" /></p>\r\n<p>&nbsp;</p>\r\n<p>&nbsp;</p>\r\n<p><strong>Baygal budjarbiny-nguhrgan. </strong> The man has flowers.</p>\r\n<p style="text-align: left;">&nbsp;<img src="man_with_flowers.png" alt="" width="46" height="82" /></p>\r\n<p style="text-align: right;"><img src="going.png" alt="" width="60" height="75" /></p>\r\n<p style="text-align: right;"><strong>Yan.gahla</strong></p>\r\n<p style="text-align: right;">going&nbsp;&nbsp;&nbsp;&nbsp;&nbsp;&nbsp;&nbsp;&nbsp;</p>\r\n<p><img src="vegetables.png" alt="" width="331" height="42" />&nbsp;</p>\r\n<p><strong>nangany (nungany)</strong> vegetable food</p>\r\n<p>&nbsp;<img src="look_at_me.png" alt="" width="62" height="67" /></p>\r\n<p><strong>Nyah nganyi!</strong> Look at me!</p>\r\n<p>&nbsp;<img src="rat_in_tree.png" alt="" width="159" height="106" /></p>\r\n<p><strong>Gundur jaliyah!</strong> The rat in the tree!</p>\r\n<p><img style="float: right;" src="hair.png" alt="" width="77" height="88" /></p>\r\n<p style="text-align: right;"><strong>gundur</strong> hair of head</p>\r\n<p>&nbsp;</p>\r\n<p>&nbsp;&nbsp;&nbsp;&nbsp;&nbsp;</p>\r\n<p>&nbsp;</p>\r\n<p>&nbsp;</p>\r\n<p>&nbsp;<img src="man_in_boat.png" alt="" width="107" height="71" /></p>\r\n<p><strong>Dandaygam gandulah nyulangaha. </strong></p>\r\n<p>The old man in his boat.</p>\r\n<p>&nbsp;<img src="crow_in_tree.png" alt="" width="163" height="134" /></p>\r\n<p>&nbsp;</p>\r\n<p><strong>Wagahn jaliyah. </strong></p>\r\n<p>The crow in the tree.</p>\r\n<p><strong>&nbsp;<img src="caterpillar.png" alt="" width="115" height="73" /></strong></p>\r\n<p><strong>Yagay! Waringihn jinanggah nganyah!</strong></p>\r\n<p>Yah! There&rsquo;s a caterpillar on my foot!</p>\r\n<p>&nbsp;</p>\r\n<p>&nbsp;</p>\r\n<strong>&nbsp;</strong></div>', '|14|', NULL, '', 'T', '2013-08-24 22:04:31', 1, '2015-02-05 17:31:20', 1, 'F'),
(29, 29, 'Sounds', 'Sounds', 'T', 0, '<p>Sound of letters in Bundjalung</p>', '<p><strong>u</strong> sounds like <strong>u</strong> in <strong>put</strong> or <strong>oo</strong> in <strong>good.</strong></p>\r\n<p><strong>u</strong> sounds like <strong>u</strong> in <strong>put</strong> or <strong>oo</strong> in <strong>good.</strong></p>\r\n<p><strong>Jugi-jugi </strong>(pronounced chooky chooky &ndash; you can guess it was borrowed from English) a chook, a hen</p>\r\n<p>&nbsp;</p>\r\n<p><strong>jali</strong> (jall-ee) tree &nbsp;&nbsp;&nbsp;&nbsp;&nbsp;&nbsp;&nbsp; <strong>waybar</strong> fire &nbsp; &nbsp;(why-barr or web-barr)</p>\r\n<p>&nbsp;</p>\r\n<p><strong><img style="margin-right: 100px; margin-left: 100px;" src="/images/campfire.jpg" alt="" width="220" height="128" /></strong></p>\r\n<p><strong>Jugi-jugi jaliyah?&nbsp;&nbsp;&nbsp;&nbsp;&nbsp;&nbsp; Jugi-jugi waybarah!</strong></p>\r\n<p>Is the chook in the tree? The chook is in the fire!</p>\r\n<p><strong>Guybahla mala!</strong></p>\r\n<p>They are roasting it!</p>\r\n<h4><strong>More sounds</strong></h4>\r\n<p>&nbsp;</p>\r\n<p><strong>(Bundjalung bandjalahm)</strong></p>\r\n<p>butterfly</p>\r\n<div><strong><img style="margin-right: 100px; margin-left: 100px;" src="/images/butterfly.png" alt="" width="72" height="42" /></strong></div>\r\n<div style="text-align: right;"><strong>Bahbany jalum-nguhrgan.</strong></div>\r\n<div>\r\n<p style="text-align: right;">Granny has fish</p>\r\n<p><img style="float: right;" src="/images/Actions/caught_fish.png" alt="" width="100" /></p>\r\n<p>&nbsp;</p>\r\n<p>&nbsp;</p>\r\n<p><strong>Baygal budjarbiny-nguhrgan. </strong> The man has flowers.</p>\r\n<p style="text-align: left;">&nbsp;<img src="/images/man_with_flowers.png" alt="" width="46" height="82" /></p>\r\n<p style="text-align: right;"><img src="/images/going.png" alt="" width="60" height="75" /></p>\r\n<p style="text-align: right;"><strong>Yan.gahla</strong></p>\r\n<p style="text-align: right;">going&nbsp;&nbsp;&nbsp;&nbsp;&nbsp;&nbsp;&nbsp;&nbsp;</p>\r\n<p><img src="/images/vegetables.png" alt="" width="331" height="42" />&nbsp;</p>\r\n<p><strong>nangany (nungany)</strong> vegetable food</p>\r\n<p>&nbsp;<img src="/images/look_at_me.png" alt="" width="62" height="67" /></p>\r\n<p><strong>Nyah nganyi!</strong> Look at me!</p>\r\n<p>&nbsp;<img src="/images/rat_in_tree.png" alt="" width="159" height="106" /></p>\r\n<p><strong>Gundur jaliyah!</strong> The rat in the tree!</p>\r\n<p><img style="float: right;" src="/images/hair.png" alt="" width="77" height="88" /></p>\r\n<p style="text-align: right;"><strong>gundur</strong> hair of head</p>\r\n<p>&nbsp;</p>\r\n<p>&nbsp;&nbsp;&nbsp;&nbsp;&nbsp;</p>\r\n<p>&nbsp;</p>\r\n<p>&nbsp;</p>\r\n<p>&nbsp;<img src="/images/man_in_boat.png" alt="" width="107" height="71" /></p>\r\n<p><strong>Dandaygam gandulah nyulangaha. </strong></p>\r\n<p>The old man in his boat.</p>\r\n<p>&nbsp;<img src="/images/crow_in_tree.png" alt="" width="163" height="134" /></p>\r\n<p>&nbsp;</p>\r\n<p><strong>Wagahn jaliyah. </strong></p>\r\n<p>The crow in the tree.</p>\r\n<p><strong>&nbsp;<img src="/images/caterpillar.png" alt="" width="115" height="73" /></strong></p>\r\n<p><strong>Yagay! Waringihn jinanggah nganyah!</strong></p>\r\n<p>Yah! There&rsquo;s a caterpillar on my foot!</p>\r\n<p>&nbsp;</p>\r\n<p>&nbsp;</p>\r\n<strong>&nbsp;</strong></div>', '|14|', NULL, '', 'T', '2013-08-24 22:04:31', 1, '2015-02-05 17:37:33', 1, 'F');

-- --------------------------------------------------------

--
-- Table structure for table `plugin_wiki_rating`
--

CREATE TABLE IF NOT EXISTS `plugin_wiki_rating` (
`id` int(11) NOT NULL,
  `tablename` varchar(255) DEFAULT NULL,
  `record_id` int(11) DEFAULT NULL,
  `rating` double DEFAULT NULL,
  `counter` int(11) DEFAULT NULL
) ENGINE=MyISAM DEFAULT CHARSET=utf8 AUTO_INCREMENT=1 ;

-- --------------------------------------------------------

--
-- Table structure for table `plugin_wiki_rating_aux`
--

CREATE TABLE IF NOT EXISTS `plugin_wiki_rating_aux` (
`id` int(11) NOT NULL,
  `master` int(11) DEFAULT NULL,
  `rating` double DEFAULT NULL,
  `created_by` int(11) DEFAULT NULL
) ENGINE=MyISAM DEFAULT CHARSET=utf8 AUTO_INCREMENT=1 ;

-- --------------------------------------------------------

--
-- Table structure for table `plugin_wiki_tag`
--

CREATE TABLE IF NOT EXISTS `plugin_wiki_tag` (
`id` int(11) NOT NULL,
  `parent` varchar(100) NOT NULL DEFAULT 'Index',
  `name` varchar(255) DEFAULT NULL,
  `links` int(11) DEFAULT NULL,
  `is_active` char(1) DEFAULT NULL,
  `created_on` datetime DEFAULT NULL,
  `created_by` int(11) DEFAULT NULL,
  `modified_on` datetime DEFAULT NULL,
  `modified_by` int(11) DEFAULT NULL
) ENGINE=MyISAM  DEFAULT CHARSET=utf8 AUTO_INCREMENT=59 ;

--
-- Dumping data for table `plugin_wiki_tag`
--

INSERT INTO `plugin_wiki_tag` (`id`, `parent`, `name`, `links`, `is_active`, `created_on`, `created_by`, `modified_on`, `modified_by`) VALUES
(1, 'Index', 'About us', NULL, 'T', '0001-01-00 00:00:00', 1, '0004-05-13 13:48:00', 1),
(2, 'Index', 'Language', NULL, 'T', '2027-04-13 00:00:00', 1, '0004-05-13 13:48:00', 1),
(3, 'Index', 'Map', NULL, 'T', '2027-04-13 00:00:00', 1, '0004-05-13 13:48:00', 1),
(4, 'Index', 'Body Parts', NULL, 'T', '0004-05-13 14:13:00', 1, '0004-05-13 14:13:00', 1),
(5, 'Index', 'Human activity', NULL, 'T', '0004-05-13 14:15:00', 1, '0004-05-13 14:15:00', 1),
(6, 'Index', 'Artefacts', NULL, 'T', '0004-05-13 14:21:00', 1, '0004-05-13 14:21:00', 1),
(7, 'Index', 'Mammals', NULL, 'T', '0004-05-13 14:19:00', 1, '0004-05-13 14:19:00', 1),
(8, 'Index', 'Aquatic animals', NULL, 'T', '0004-05-13 14:07:00', 1, '0004-05-13 14:07:00', 1),
(9, 'Index', 'Other Animals', NULL, 'T', '0004-05-13 13:54:00', 1, '0004-05-13 13:54:00', 1),
(10, 'Index', 'Birds', NULL, 'T', '0004-05-13 14:04:00', 1, '0004-05-13 14:04:00', 1),
(11, 'Index', 'Nature and Elements', NULL, 'T', '0004-05-13 14:21:00', 1, '0004-05-13 14:21:00', 1),
(12, 'Index', 'Plants', NULL, 'T', '0004-05-13 14:21:00', 1, '0004-05-13 14:21:00', 1),
(13, 'Index', 'Description', NULL, 'T', '0004-05-13 13:52:00', 1, '0004-05-13 13:52:00', 1),
(14, 'Index', 'Exercises', NULL, 'T', '0004-05-13 13:51:00', 1, '0004-05-13 13:51:00', 1),
(15, 'Index', 'Grammar', NULL, 'T', '0004-05-13 13:48:00', 1, '0004-05-13 13:48:00', 1),
(17, 'Index', 'Help', NULL, 'T', '0001-01-00 00:00:00', 1, '0004-05-13 13:48:00', 1),
(18, 'Aquatic animals', 'Fish', NULL, 'T', '0004-05-13 14:09:00', 1, '0004-05-13 14:09:00', 1),
(19, 'Aquatic animals', 'Frogs', NULL, 'T', '0004-05-13 14:08:00', 1, '0004-05-13 14:08:00', 1),
(20, 'Aquatic animals', 'Marine mammals and reptiles', NULL, 'T', '0004-05-13 14:09:00', 1, '0004-05-13 14:09:00', 1),
(21, 'Aquatic animals', 'Other', NULL, 'T', '0004-05-13 14:08:00', 1, '0004-05-13 14:08:00', 1),
(22, 'Aquatic animals', 'Parts of fish; fish nets', NULL, 'T', '0004-05-13 14:09:00', 1, '0004-05-13 14:09:00', 1),
(23, 'Birds', 'Bird Names', NULL, 'T', '0004-05-13 14:05:00', 1, '0004-05-13 14:05:00', 1),
(24, 'Birds', 'Bird parts', NULL, 'T', '0004-05-13 14:05:00', 1, '0004-05-13 14:05:00', 1),
(25, 'Body Parts', 'Arms and Legs', NULL, 'T', '0004-05-13 14:14:00', 1, '0004-05-13 14:14:00', 1),
(26, 'Body Parts', 'Body Functions and injuries', NULL, 'T', '0004-05-13 14:14:00', 1, '0004-05-13 14:14:00', 1),
(27, 'Body Parts', 'Head and Neck', NULL, 'T', '0004-05-13 14:13:00', 1, '0004-05-13 14:13:00', 1),
(28, 'Body Parts', 'Internal', NULL, 'T', '0004-05-13 14:14:00', 1, '0004-05-13 14:14:00', 1),
(29, 'Body Parts', 'Senses', NULL, 'T', '0004-05-13 14:15:00', 1, '0004-05-13 14:15:00', 1),
(30, 'Body Parts', 'Torso', NULL, 'T', '0004-05-13 14:14:00', 1, '0004-05-13 14:14:00', 1),
(31, 'Body Parts', 'Whole Body', NULL, 'T', '0004-05-13 14:14:00', 1, '0004-05-13 14:14:00', 1),
(32, 'Human activity', 'Beliefs and Ancestors', NULL, 'T', '0004-05-13 14:18:00', 1, '0004-05-13 14:18:00', 1),
(33, 'Human activity', 'Ceremony', NULL, 'T', '0004-05-13 14:18:00', 1, '0004-05-13 14:18:00', 1),
(34, 'Human activity', 'Food and Fire', NULL, 'T', '0004-05-13 14:16:00', 1, '0004-05-13 14:16:00', 1),
(35, 'Human activity', 'Language and Sound', NULL, 'T', '0004-05-13 14:17:00', 1, '0004-05-13 14:17:00', 1),
(36, 'Human activity', 'Ceremony and Language', NULL, 'T', '0004-05-13 14:17:00', 1, '0004-05-13 14:17:00', 1),
(37, 'Human activity', 'Other activities', NULL, 'T', '0004-05-13 14:19:00', 1, '0004-05-13 14:19:00', 1),
(38, 'Mammals', 'Land mammals', NULL, 'T', '0004-05-13 14:19:00', 1, '0004-05-13 14:19:00', 1),
(39, 'Mammals', 'Parts of mammals', NULL, 'T', '0004-05-13 14:19:00', 1, '0004-05-13 14:19:00', 1),
(40, 'Plants', 'Plant', NULL, 'T', '0004-05-13 14:21:00', 1, '0004-05-13 14:21:00', 1),
(41, 'Plants', 'Trees', NULL, 'T', '0004-05-13 14:21:00', 1, '0004-05-13 14:21:00', 1),
(42, 'Plants', 'Eucalyptus; Angophera; Corymbia ', NULL, 'T', '0004-05-13 14:21:00', 1, '0004-05-13 14:21:00', 1),
(43, 'Plants', 'Casuarinas and Silky Oak', NULL, 'T', '0004-05-13 14:21:00', 1, '0004-05-13 14:21:00', 1),
(44, 'Plants', 'Palms', NULL, 'T', '0004-05-13 14:21:00', 1, '0004-05-13 14:21:00', 1),
(45, 'Plants', 'Other trees', NULL, 'T', '0004-05-13 14:21:00', 1, '0004-05-13 14:21:00', 1),
(46, 'Plants', 'Ferns', NULL, 'T', '0004-05-13 14:21:00', 1, '0004-05-13 14:21:00', 1),
(47, 'Plants', 'Grasses', NULL, 'T', '0004-05-13 14:21:00', 1, '0004-05-13 14:21:00', 1),
(48, 'Plants', 'Plant collectives', NULL, 'T', '0004-05-13 14:21:00', 1, '0004-05-13 14:21:00', 1),
(49, 'Plants', 'Other plants', NULL, 'T', '0004-05-13 14:21:00', 1, '0004-05-13 14:21:00', 1),
(50, 'Plants', 'Parts of plants', NULL, 'T', '0004-05-13 14:21:00', 1, '0004-05-13 14:21:00', 1),
(51, 'Description', 'Colours', NULL, 'T', '0004-05-13 13:53:00', 1, '0004-05-13 13:53:00', 1),
(52, 'Description', 'Clan and dialect', NULL, 'T', '0004-05-13 14:19:00', 1, '0004-05-13 14:19:00', 1),
(53, 'Description', 'Location and Direction', NULL, 'T', '0004-05-13 13:53:00', 1, '0004-05-13 13:53:00', 1),
(54, 'Description', 'Place Names', NULL, 'T', '0004-05-13 14:03:00', 1, '0004-05-13 14:03:00', 1),
(55, 'Description', 'Time', NULL, 'T', '0004-05-13 13:54:00', 1, '0004-05-13 13:54:00', 1),
(56, 'Other Animals', 'Insects', NULL, 'T', '0004-05-13 14:03:00', 1, '0004-05-13 14:03:00', 1),
(57, 'Other Animals', 'Reptiles', NULL, 'T', '0004-05-13 14:04:00', 1, '0004-05-13 14:04:00', 1),
(58, '', 'Index', 0, 'T', '2027-04-13 00:00:00', 1, '0004-05-13 13:48:00', 1);

-- --------------------------------------------------------

--
-- Table structure for table `plugin_wiki_transcript`
--

CREATE TABLE IF NOT EXISTS `plugin_wiki_transcript` (
`id` int(11) NOT NULL,
  `slug` varchar(255) DEFAULT NULL,
  `title` varchar(255) DEFAULT NULL,
  `is_public` char(1) DEFAULT NULL,
  `body` longtext,
  `summary` mediumtext NOT NULL,
  `role` int(11) DEFAULT NULL,
  `changelog` varchar(255) DEFAULT NULL,
  `is_active` char(1) DEFAULT NULL,
  `created_on` datetime DEFAULT NULL,
  `created_by` int(11) DEFAULT NULL,
  `modified_on` datetime DEFAULT NULL,
  `modified_by` int(11) DEFAULT NULL,
  `comments_allowed` char(1) NOT NULL DEFAULT 'F'
) ENGINE=MyISAM  DEFAULT CHARSET=utf8 AUTO_INCREMENT=4 ;

--
-- Dumping data for table `plugin_wiki_transcript`
--

INSERT INTO `plugin_wiki_transcript` (`id`, `slug`, `title`, `is_public`, `body`, `summary`, `role`, `changelog`, `is_active`, `created_on`, `created_by`, `modified_on`, `modified_by`, `comments_allowed`) VALUES
(1, 'calley', 'Calley', 'T', '', '', NULL, '', 'T', '2013-05-04 15:02:23', 1, '2013-05-04 15:02:23', 1, 'F'),
(2, 'terry_crowley23a', 'Terry Crowley23a', 'T', '<div>&lt;?xml version="1.0" encoding="ISO-8859-1"?&gt;</div><div>&lt;!DOCTYPE Trans SYSTEM "trans-13.dtd"&gt;</div><div>&lt;Trans scribe="admin" audio_filename="01 crowley 3223A" version="1" version_date="130308"&gt;</div><div>&lt;Speakers&gt;</div><div>&lt;Speaker id="spk1" name="Terry Crowley" check="no" dialect="native" accent="" scope="local"/&gt;</div><div>&lt;Speaker id="spk2" name="Ethel Walker" check="no" dialect="native" accent="" scope="local"/&gt;</div><div>&lt;/Speakers&gt;</div><div>&lt;Episode&gt;</div><div>&lt;Section type="report" startTime="0" endTime="3842.7734375"&gt;</div><div>&lt;Turn startTime="0" endTime="8.685"&gt;</div><div>&lt;Sync time="0"/&gt;</div><div>Archive tape 3223 side 1 of field tape 2/3 recorded by Terry Crowley</div><div>&lt;/Turn&gt;</div><div>&lt;Turn speaker="spk1" startTime="8.685" endTime="12.431"&gt;</div><div>&lt;Sync time="8.685"/&gt;</div><div>?how do you say</div><div>&lt;/Turn&gt;</div><div>&lt;Turn speaker="spk2" startTime="12.431" endTime="3842.7734375"&gt;</div><div>&lt;Sync time="12.431"/&gt;</div><div><br></div><div>&lt;/Turn&gt;</div><div>&lt;/Section&gt;</div><div>&lt;/Episode&gt;</div><div>&lt;/Trans&gt;</div>', '', NULL, '', 'T', '2013-05-04 15:39:40', 1, '2013-05-04 15:43:18', 1, 'F'),
(3, 'terry_crowley23b', 'Terry Crowley23b', 'T', '<div>&lt;?xml version="1.0" encoding="ISO-8859-1"?&gt;</div><div>&lt;!DOCTYPE Trans SYSTEM "trans-13.dtd"&gt;</div><div>&lt;Trans scribe="admin" audio_filename="01 Crowley 3222B" version="1" version_date="130308"&gt;</div><div>&lt;Speakers&gt;</div><div>&lt;Speaker id="spk1" name="Ethel Walker" check="no" dialect="native" accent="" scope="local"/&gt;</div><div>&lt;Speaker id="spk2" name="Ned Walker" check="no" dialect="native" accent="" scope="local"/&gt;</div><div>&lt;Speaker id="spk3" name="Terry Crowley" check="no" dialect="native" accent="" scope="local"/&gt;</div><div>&lt;/Speakers&gt;</div><div>&lt;Episode&gt;</div><div>&lt;Section type="report" startTime="0" endTime="3671.2265625"&gt;</div><div>&lt;Turn startTime="0" endTime="7.69"&gt;</div><div>&lt;Sync time="0"/&gt;</div><div>Archive Tape number 3222 Track A Side 1 of field tape number 2 recorded by Terry Crowley</div><div>&lt;/Turn&gt;</div><div>&lt;Turn speaker="spk1" startTime="7.69" endTime="24.901"&gt;</div><div>&lt;Sync time="7.69"/&gt;</div><div>Yanganiyahra mahnyu Yanganiyahra mahnyu gadjiguywiya&nbsp;</div><div>&lt;Sync time="13.725"/&gt;</div><div>mahyn wagan wagan mahyn yanganeh</div><div>&lt;Sync time="18.573"/&gt;</div><div>&nbsp;that means... bring em? cook em?</div><div>&lt;/Turn&gt;</div><div>&lt;Turn speaker="spk3" startTime="24.901" endTime="29.045"&gt;</div><div>&lt;Sync time="24.901"/&gt;</div><div>How would you catch it</div><div>&lt;/Turn&gt;</div><div>&lt;Turn speaker="spk1" startTime="29.045" endTime="34.189"&gt;</div><div>&lt;Sync time="29.045"/&gt;</div><div>Ganyahlu ngali namahla ganyahlu ( catch we capture/catch catch)</div><div>&lt;/Turn&gt;</div><div>&lt;Turn speaker="spk3" startTime="34.189" endTime="39.168"&gt;</div><div>&lt;Sync time="34.189"/&gt;</div><div>How would you use the ?ganyahla</div><div>&lt;/Turn&gt;</div><div>&lt;Turn speaker="spk1" startTime="39.168" endTime="46.466"&gt;</div><div>&lt;Sync time="39.168"/&gt;</div><div>Birahlaga djambathu ganyahla birahla djambathu (fish- try to catch... try to)</div><div>&lt;/Turn&gt;</div><div>&lt;Turn speaker="spk3" startTime="46.466" endTime="48.622"&gt;</div><div>&lt;Sync time="46.466"/&gt;</div><div>fetched out the water</div><div>&lt;/Turn&gt;</div><div>&lt;Turn speaker="spk1" startTime="48.622" endTime="54.117"&gt;</div><div>&lt;Sync time="48.622"/&gt;</div><div>Buhwilahgu male buhwilha yang, (pull out that pull out this way)</div><div>&lt;Sync time="51.595"/&gt;</div><div>gawulung bahnybiyn mala (long way ??? that</div><div>&lt;/Turn&gt;</div><div>&lt;Turn speaker="spk3" startTime="54.117" endTime="64.483"&gt;</div><div>&lt;Sync time="54.117"/&gt;</div><div>get the fish out.. and you take em home</div><div>&lt;/Turn&gt;</div><div>&lt;Turn speaker="spk1" startTime="64.483" endTime="77.223"&gt;</div><div>&lt;Sync time="64.483"/&gt;</div><div>Yahnggayn ngali waybargubu gahbu yahngnayn mahnyi djarwahyn (?go we fire- ?greedy ?go ?those close ?eat)</div><div>&lt;Sync time="73.118"/&gt;</div><div>guybahnyngay guybahyn waybare (cook I cook fire?)</div><div>&lt;/Turn&gt;</div><div>&lt;Turn speaker="spk3" startTime="77.223" endTime="78.404"&gt;</div><div>&lt;Sync time="77.223"/&gt;</div><div>How would you cook it?</div><div>&lt;/Turn&gt;</div><div>&lt;Turn speaker="spk1" startTime="78.404" endTime="85.58"&gt;</div><div>&lt;Sync time="78.404"/&gt;</div><div>Waybareh waybare dimande that means cook em on the coals</div><div>&lt;/Turn&gt;</div><div>&lt;Turn speaker="spk3" startTime="85.58" endTime="92.391"&gt;</div><div>&lt;Sync time="85.58"/&gt;</div><div>Would you open it up (yeh) how would you clean it?</div><div>&lt;/Turn&gt;</div><div>&lt;Turn speaker="spk1" startTime="92.391" endTime="102.324"&gt;</div><div>&lt;Sync time="92.391"/&gt;</div><div>Mahnyu warah burah munduya warah burah munduya ...that means take em guts out of the belly ( ?take guts remove stomach-at )</div><div>&lt;/Turn&gt;</div><div>&lt;Turn speaker="spk3" startTime="102.324" endTime="106.664"&gt;</div><div>&lt;Sync time="102.324"/&gt;</div><div>Throw em on the ground, throw em to the dogs... throw em away</div><div>&lt;/Turn&gt;</div><div>&lt;Turn speaker="spk1" startTime="106.664" endTime="110.997"&gt;</div><div>&lt;Sync time="106.664"/&gt;</div><div>Birah mahyn birah that''s throw them away</div><div>&lt;/Turn&gt;</div><div>&lt;Turn speaker="spk3" startTime="110.997" endTime="117.309"&gt;</div><div>&lt;Sync time="110.997"/&gt;</div><div>Then I suppose you take it out the fire...</div><div>&lt;/Turn&gt;</div><div>&lt;Turn speaker="spk1" startTime="117.309" endTime="163.331"&gt;</div><div>&lt;Sync time="117.309"/&gt;</div><div>Burahyga mahnya majimah waringbinywanbi ... that means coals&nbsp;</div><div>&lt;Sync time="125.567"/&gt;</div><div>ngehngaleh djelehga</div><div>&lt;Sync time="135.312"/&gt;</div><div>eat em</div><div>&lt;Sync time="137.613"/&gt;</div><div>djalehl &nbsp;eat</div><div>&lt;Sync time="141.064"/&gt;</div><div><br></div><div>&lt;/Turn&gt;</div><div>&lt;Turn speaker="spk1" startTime="163.331" endTime="3671.2265625"&gt;</div><div>&lt;Sync time="163.331"/&gt;</div><div>Nyang ngali&nbsp;</div><div>&lt;Sync time="196.142"/&gt;</div><div>You talking about going down the river are you&nbsp;</div><div>&lt;Sync time="227.996"/&gt;</div><div>jaajum&nbsp;</div><div>&lt;Sync time="263.647"/&gt;</div><div>I want someone to answer me , I gotta say over there that means going over there yilawila ngay</div><div>&lt;Sync time="275.023"/&gt;</div><div>Gila ngali yan.gay nyaliyah gila yabay wurrarr ganyalubandiya</div><div>&lt;Sync time="300.293"/&gt;</div><div>You could said that, that''s for me to say itover again ......</div><div>&lt;Sync time="323.221"/&gt;</div><div><br></div><div>&lt;Sync time="340.39"/&gt;</div><div><br></div><div>&lt;Sync time="359.129"/&gt;</div><div>?Jinggi wala mala matha wana balanhu</div><div>&lt;Sync time="377.524"/&gt;</div><div>Well I heard them</div><div>&lt;/Turn&gt;</div><div>&lt;/Section&gt;</div><div>&lt;/Episode&gt;</div><div>&lt;/Trans&gt;</div>  <div><br></div>', '', NULL, '', 'T', '2013-05-04 15:43:39', 1, '2013-05-04 15:43:51', 1, 'F');

-- --------------------------------------------------------

--
-- Table structure for table `plugin_wiki_transcript_archive`
--

CREATE TABLE IF NOT EXISTS `plugin_wiki_transcript_archive` (
`id` int(11) NOT NULL,
  `current_record` int(11) DEFAULT NULL,
  `slug` varchar(255) DEFAULT NULL,
  `title` varchar(255) DEFAULT NULL,
  `summary` mediumtext NOT NULL,
  `is_public` char(1) DEFAULT NULL,
  `body` longtext,
  `tags` text NOT NULL,
  `role` int(11) DEFAULT NULL,
  `changelog` varchar(255) DEFAULT NULL,
  `is_active` char(1) DEFAULT NULL,
  `created_on` datetime DEFAULT NULL,
  `created_by` int(11) DEFAULT NULL,
  `modified_on` datetime DEFAULT NULL,
  `modified_by` int(11) DEFAULT NULL,
  `comments_allowed` char(1) NOT NULL DEFAULT 'F'
) ENGINE=MyISAM  DEFAULT CHARSET=utf8 AUTO_INCREMENT=3 ;

--
-- Dumping data for table `plugin_wiki_transcript_archive`
--

INSERT INTO `plugin_wiki_transcript_archive` (`id`, `current_record`, `slug`, `title`, `summary`, `is_public`, `body`, `tags`, `role`, `changelog`, `is_active`, `created_on`, `created_by`, `modified_on`, `modified_by`, `comments_allowed`) VALUES
(1, 2, 'terry_crowley23a', 'Terry Crowley23a', '', 'T', '', '', NULL, '', 'T', '2013-05-04 15:39:40', 1, '2013-05-04 15:39:40', 1, 'F'),
(2, 3, 'terry_crowley23b', 'Terry Crowley23b', '', 'T', '', '', NULL, '', 'T', '2013-05-04 15:43:39', 1, '2013-05-04 15:43:39', 1, 'F');

-- --------------------------------------------------------

--
-- Table structure for table `profile`
--

CREATE TABLE IF NOT EXISTS `profile` (
  `user` int(11) NOT NULL,
  `ALC` tinyint(1) NOT NULL,
  `ALC_Name` int(11) NOT NULL,
  `CLW` tinyint(1) NOT NULL,
  `CLW_Name` int(11) NOT NULL
) ENGINE=MyISAM DEFAULT CHARSET=latin1;

-- --------------------------------------------------------

--
-- Table structure for table `Resources`
--

CREATE TABLE IF NOT EXISTS `Resources` (
`id` int(11) NOT NULL,
  `name` varchar(100) NOT NULL,
  `title` varchar(100) NOT NULL,
  `Collected_by` varchar(100) NOT NULL,
  `desc` text NOT NULL,
  `Public` varchar(1) NOT NULL DEFAULT 'F'
) ENGINE=InnoDB  DEFAULT CHARSET=latin1 AUTO_INCREMENT=85 ;

--
-- Dumping data for table `Resources`
--

INSERT INTO `Resources` (`id`, `name`, `title`, `Collected_by`, `desc`, `Public`) VALUES
(1, 'calley_m01_01178_a6da482255.mp3', 'Calley', 'Calley', ' ', 'F'),
(2, 'crowley_t04_003759a_30abb5578d.mp3', 'Terry Crowley9a', 'Terry Crowley', 'Place of origin: Tabulam (NSW N Coast SH56-02) Performer/Speaker: Ethel Walker', 'F'),
(3, 'crowley_t04_003759b_5367b7af2d.mp3', 'Terry Crowley9b', 'Terry Crowley', ' ', 'F'),
(4, 'crowley_t04_003760a_ba6fab8804.mp3', 'Terry Crowley10a', 'Terry Crowley', ' ', 'F'),
(5, 'crowley_t04_003760b_d52aa76e6b.mp3', 'Terry Crowley10b', 'Terry Crowley', ' ', 'F'),
(6, 'crowley_t04_003761a_780f8706f4.mp3', 'Terry Crowley11a', 'Terry Crowley', ' ', 'F'),
(7, 'crowley_t06_003222a_298bcb199b.mp3', 'Terry Crowley22a', 'Terry Crowley', 'Performer/Speaker: Lyle Roberts', 'F'),
(8, 'crowley_t06_003222b_e0122077fc.mp3', 'Terry Crowley22b', 'Terry Crowley', 'Performer/Speaker: Ethel Walker', 'F'),
(9, 'crowley_t06_003223a_07786422fb.mp3', 'Terry Crowley23a', 'Terry Crowley', ' 3223A', 'F'),
(10, 'crowley_t06_003223b_55ae080a73.mp3', 'Terry Crowley23b', 'Terry Crowley', ' 3223b', 'F'),
(11, 'crowley_t06_003224a_41005f01b0.mp3', 'Terry Crowley24a', 'Terry Crowley', ' ', 'F'),
(12, 'crowley_t06_003224b_815f0ed9ba.mp3', 'Terry Crowley24b', 'Terry Crowley', ' ', 'F'),
(13, 'crowley_t06_003225a_523ceda4c1.mp3', 'Terry Crowley25a', 'Terry Crowley', ' ', 'F'),
(14, 'crowley_t06_003225b_814c89dc8e.mp3', 'Terry Crowley25b', 'Terry Crowley', ' ', 'F'),
(15, 'crowley_t06_003226a_3010997c01.mp3', 'Terry Crowley26a', 'Terry Crowley', ' ', 'F'),
(16, 'crowley_t06_003226b_9f4b42fc29.mp3', 'Terry Crowley26b', 'Terry Crowley', ' ', 'F'),
(17, 'crowley_t06_003227a_4fd101747c.mp3', 'Terry Crowley27a', 'Terry Crowley', ' ', 'F'),
(18, 'crowley_t06_003227b_307bb78928.mp3', 'Terry Crowley27b', 'Terry Crowley', ' ', 'F'),
(19, 'crowley_t06_003228a_54d8f0477b.mp3', 'Terry Crowley28a', 'Terry Crowley', ' ', 'F'),
(20, 'fox_donnelly_01_017550_556a4c3180.mp3', 'Fox Donnelly', 'Fox Donnelly', 'Title: Songs and discussion with Dick Donnelly', 'F'),
(21, 'gibbons_b01_00053_66d47c9bd0.mp3', 'Gibbons', 'Gibbons', ' ', 'F'),
(22, 'gummow_m01_13001_0a40e6d29a.mp3', 'Songs of Bundjalung 1', 'Margaret Gummow', 'Annotation: Participants include Mary Wilson; Griffo; Mary Cowlan; Janet Gomes; Marjery Henderson; Millie Boyd; Eric and Una Walke; Aboriginal Program broadcast by Frank Roberts', 'F'),
(23, 'gummow_m01_13002_f6890d5d88.mp3', 'Songs of Bundjalung 2', 'Margaret Gummow', 'Annotation: Participants include Mary Wilson; Griffo; Mary Cowlan; Janet Gomes; Marjery Henderson; Millie Boyd; Eric and Una Walke; Aboriginal Program broadcast by Frank Roberts', 'F'),
(24, 'gummow_m01_13003_d328e46b36.mp3', 'Songs of Bundjalung 3', 'Margaret Gummow', 'Annotation: Participants include Mary Wilson; Griffo; Mary Cowlan; Janet Gomes; Marjery Henderson; Millie Boyd; Eric and Una Walke; Aboriginal Program broadcast by Frank Roberts', 'F'),
(25, 'gummow_m01_13004_8a9982254d.mp3', 'Songs of Bundjalung 4', 'Margaret Gummow', 'Annotation: Participants include Mary Wilson; Griffo; Mary Cowlan; Janet Gomes; Marjery Henderson; Millie Boyd; Eric and Una Walke; Aboriginal Program broadcast by Frank Roberts', 'F'),
(26, 'gummow_m01_13005_b4d43ae70d.mp3', 'Songs of Bundjalung 5', 'Margaret Gummow', 'Annotation: Participants include Mary Wilson; Griffo; Mary Cowlan; Janet Gomes; Marjery Henderson; Millie Boyd; Eric and Una Walke; Aboriginal Program broadcast by Frank Roberts', 'F'),
(27, 'gummow_m01_13006_592be38551.mp3', 'Songs of Bundjalung 6', 'Margaret Gummow', 'Annotation: Participants include Mary Wilson; Griffo; Mary Cowlan; Janet Gomes; Marjery Henderson; Millie Boyd; Eric and Una Walke; Aboriginal Program broadcast by Frank Roberts', 'F'),
(28, 'gummow_m01_13007_4babcb2860.mp3', 'Songs of Bundjalung 7', 'Margaret Gummow', 'Annotation: Participants include Mary Wilson; Griffo; Mary Cowlan; Janet Gomes; Marjery Henderson; Millie Boyd; Eric and Una Walke; Aboriginal Program broadcast by Frank Roberts', 'F'),
(29, 'gummow_m01_13008_3c2f45c086.mp3', 'Songs of Bundjalung 8', 'Margaret Gummow', 'Annotation: Participants include Mary Wilson; Griffo; Mary Cowlan; Janet Gomes; Marjery Henderson; Millie Boyd; Eric and Una Walke; Aboriginal Program broadcast by Frank Roberts', 'F'),
(30, 'gummow_m03_13009_cf4f70e2e4.mp3', 'Songs of Bundjalung 9', 'Margaret Gummow', 'Performer/Speaker: Fletcher Roberts; Lincoln Gordon; Lucy Daley; Eileen Morgan; Millie Boyd; John Breckonbridge; Marie Breckonbridge; Charlotte Page; Louise Smith', 'F'),
(31, 'gummow_m03_13010_8dcbaf98a7.mp3', 'Songs of Bundjalung 10', 'Margaret Gummow', 'Performer/Speaker: Fletcher Roberts; Lincoln Gordon; Lucy Daley; Eileen Morgan; Millie Boyd; John Breckonbridge; Marie Breckonbridge; Charlotte Page; Louise Smith', 'F'),
(32, 'gummow_m03_13011_466ca8c71f.mp3', 'Songs of Bundjalung 11', 'Margaret Gummow', 'Performer/Speaker: Fletcher Roberts; Lincoln Gordon; Lucy Daley; Eileen Morgan; Millie Boyd; John Breckonbridge; Marie Breckonbridge; Charlotte Page; Louise Smith', 'F'),
(33, 'oakes_m01_001066a_d3aa3cac94.mp3', 'Oakes1a', 'Oakes', 'Interview with Jim Morgan. Corroboree songs and vocabulary with discussion of Cecil Taylor''s recital at Casino; retape of interview with James Morgan singing songs for a radio broadcast prepared for the Richmond River Historical Society by Glen Hall; 6 songs by Cecil Taylor', 'F'),
(34, 'oakes_m01_001066b_86f35133bd.mp3', 'Oakes', 'Oakes', 'Interview with Jim Morgan. Corroboree songs and vocabulary with discussion of Cecil Taylor''s recital at Casino; retape of interview with James Morgan singing songs for a radio broadcast prepared for the Richmond River Historical Society by Glen Hall; 6 songs by Cecil Taylor', 'F'),
(35, 'sommerlad_j02_002141a_969ad621f3.mp3', 'Sommerlada', 'Sommerlad', ' ', 'F'),
(36, 'sommerlad_j02_002143b_2c8beff227.mp3', 'Sommerladb', 'Sommerlad', ' ', 'F'),
(37, 'willoughby_a01_004744_2efbeb3928.mp3', 'Willoughbya1', 'Willoughby', ' ', 'F'),
(38, 'willoughby_a01_004745_9310136a4b.mp3', 'Willoughbya2', 'Willoughby', ' ', 'F'),
(39, 'wurm_s03_002880a_94336a4d11.mp3', 'Wurm0a', 'Wurm', ' ', 'F'),
(40, 'wurm_s03_002881a_09dd074847.mp3', 'Wurm1a', 'Wurm', ' ', 'F'),
(41, 'wurm_s03_002881b_20f18b1e8f.mp3', 'Wurm1b', 'Wurm', ' ', 'F'),
(42, 'wurm_s03_002882a_cbb724da0d.mp3', 'Wurm2a', 'Wurm', ' ', 'F'),
(43, 'wurm_s03_002882b_b299be3f66.mp3', 'Wurm2b', 'Wurm', ' ', 'F'),
(44, 'wurm_s03_002883a_f6f812ec4c.mp3', 'Wurm3a', 'Wurm', ' ', 'F'),
(45, 'wurm_s03_002883b_5e5e684c98.mp3', 'Wurm3b', 'Wurm', ' ', 'F'),
(46, 'wurm_s03_002884a_1645d629f9.mp3', 'Wurm4a', 'Wurm', ' ', 'F'),
(47, 'wurm_s03_002884b_fb84ca748a.mp3', 'Wurm4b', 'Wurm', ' ', 'F'),
(48, 'wurm_s03_002885a_723d97b25c.mp3', 'Wurm5a', 'Wurm', ' ', 'F'),
(49, 'wurm_s03_002885b_40c83900db.mp3', 'Wurm5b', 'Wurm', ' ', 'F'),
(50, 'wurm_s03_002886a_a25aa2ee98.mp3', 'Wurm6a', 'Wurm', ' ', 'F'),
(51, 'wurm_s03_002886b_00e9a4fc01.mp3', 'Wurm6b', 'Wurm', ' ', 'F'),
(52, 'wurm_s03_002887a_2eec96e762.mp3', 'Wurm7a', 'Wurm', ' ', 'F'),
(53, 'wurm_s03_002887b_8acf51ab78.mp3', 'Wurm7b', 'Wurm', ' ', 'F'),
(54, 'wurm_s03_002888a_7d7fee601f.mp3', 'Wurm8a', 'Wurm', ' ', 'F'),
(55, 'wurm_s03_002888b_879da67674.mp3', 'Wurm8b', 'Wurm', ' ', 'F'),
(56, 'wurm_s03_002889a_bcac52d0dc.mp3', 'Wurm9a', 'Wurm', ' ', 'F'),
(57, 'wurm_s03_002889b_4d30ec6bb0.mp3', 'Wurm9b', 'Wurm', ' ', 'F'),
(58, 'wurm_s03_002890a_ccac1537d4.mp3', 'Wurm10a', 'Wurm', ' ', 'F'),
(59, 'wurm_s03_002890b_10ab7c97db.mp3', 'Wurm10b', 'Wurm', ' ', 'F'),
(60, 'wurm_s03_002891a_4d00ec5d6e.mp3', 'Wurm11a', 'Wurm', ' ', 'F'),
(61, 'wurm_s03_002891b_ed28d54206.mp3', 'Wurm11b', 'Wurm', ' ', 'F'),
(62, 'wurm_s03_002892a_1d5e66582b.mp3', 'Wurm12a', 'Wurm', ' ', 'F'),
(63, 'wurm_s03_002892b_7d18e3e821.mp3', 'Wurm12b', 'Wurm', ' ', 'F'),
(64, 'wurm_s03_002893a_4dcd57f830.mp3', 'Wurm13a', 'Wurm', ' ', 'F'),
(65, 'wurm_s03_002894a_944c04ccf2.mp3', 'Wurm14a', 'Wurm', ' ', 'F'),
(66, 'wurm_s03_002894b_268d6f3a84.mp3', 'Wurm14b', 'Wurm', ' ', 'F'),
(67, 'wurm_s03_002895a_0bc0bcdcdd.mp3', 'Wurm15a', 'Wurm', ' ', 'F'),
(68, 'wurm_s03_002895b_6dc74baee8.mp3', 'Wurm15b', 'Wurm', ' ', 'F'),
(69, 'yugambeh_01_0146621_d476290290.mp3', 'Yugambeh2a', 'Yugambeh', ' ', 'F'),
(70, 'yugambeh_01_0146622_7ea2e8c0ae.mp3', 'Yugambeh2b', 'Yugambeh', ' ', 'F'),
(71, 'yugambeh_01_0146623_c064b12cbf.mp3', 'Yugambeh2c', 'Yugambeh', ' ', 'F'),
(72, 'yugambeh_01_014663_b8e0d7de71.mp3', 'Yugambeh3', 'Yugambeh', ' ', 'F'),
(73, 'yugambeh_01_014664_fea81b76b2.mp3', 'Yugambeh4', 'Yugambeh', ' ', 'F'),
(74, 'yugambeh_01_014665_1d35f4f0cf.mp3', 'Yugambeh5', 'Yugambeh', ' ', 'F'),
(75, 'yugambeh_01_014665_67ba4747ec.mp3', 'Yugambeh5b', 'Yugambeh', ' ', 'F'),
(76, 'yugambeh_01_014666_ee262a938d.mp3', 'Yugambeh6', 'Yugambeh', ' ', 'F'),
(77, 'yugambeh_01_014667_5e5243a12b.mp3', 'Yugambeh7', 'Yugambeh', ' ', 'F'),
(78, 'yugambeh_01_014668_815f3334d5.mp3', 'Yugambeh8', 'Yugambeh', ' ', 'F'),
(79, 'yugambeh_01_014669_f8eb69dcf4.mp3', 'Yugambeh9', 'Yugambeh', ' ', 'F'),
(80, 'yugambeh_01_014670_1adc7943ec.mp3', 'Yugambeh10', 'Yugambeh', ' ', 'F'),
(81, 'yugambeh_01_0146711_d590bf5480.mp3', 'Yugambeh11', 'Yugambeh', ' ', 'F'),
(82, 'yugambeh_01_0146712_f5c3635564.mp3', 'Yugambeh12', 'Yugambeh', ' ', 'F'),
(83, 'yugambeh_01_0146713_cc2255d7af.mp3', 'Yugambeh13', 'Yugambeh', ' ', 'F'),
(84, 'yugambeh_01_0146714_edbfda80cb.mp3', 'Yugambeh14', 'Yugambeh', ' ', 'F');

-- --------------------------------------------------------

--
-- Table structure for table `shows`
--

CREATE TABLE IF NOT EXISTS `shows` (
`id` int(6) NOT NULL,
  `name` varchar(255) NOT NULL
) ENGINE=InnoDB  DEFAULT CHARSET=latin1 AUTO_INCREMENT=2 ;

--
-- Dumping data for table `shows`
--

INSERT INTO `shows` (`id`, `name`) VALUES
(1, 'Generic');

-- --------------------------------------------------------

--
-- Table structure for table `web2py_session_Bundjalung`
--

CREATE TABLE IF NOT EXISTS `web2py_session_Bundjalung` (
`id` int(11) NOT NULL,
  `locked` char(1) DEFAULT NULL,
  `client_ip` varchar(64) DEFAULT NULL,
  `created_datetime` datetime DEFAULT NULL,
  `modified_datetime` datetime DEFAULT NULL,
  `unique_key` varchar(64) DEFAULT NULL,
  `session_data` longblob
) ENGINE=MyISAM  DEFAULT CHARSET=utf8 AUTO_INCREMENT=4 ;

--
-- Dumping data for table `web2py_session_Bundjalung`
--

INSERT INTO `web2py_session_Bundjalung` (`id`, `locked`, `client_ip`, `created_datetime`, `modified_datetime`, `unique_key`, `session_data`) VALUES
(1, 'F', '127.0.0.1', '2015-02-07 17:09:35', '2015-02-07 17:09:35', '46ae0b63-4303-486b-9cc4-238df73243e3', 0x67414a6a5a327831623234755a327876596d4673637770545a584e7a61573975436e45426659565363514975),
(2, 'F', '127.0.0.1', '2015-02-07 17:20:05', '2015-02-08 00:25:55', 'c8fc9360-3c81-48e9-b93a-18e49c29852f', 0x67414a6a5a327831623234755a327876596d4673637770545a584e7a61573975436e4542665845434b46556558325a76636d31725a586c62634778315a326c755833647061326c666347466e5a5338784d44466463514e6463515256525455324e7a686a4d47566a4d4442694d44526d597a566d4e545a695a6a4e6b595463334f544a694e6d49794f6a6468593245304f5449344c575a695a446b744e4745315a5331694e54686d4c54686c4f546c6a4e7a67334d4745794d3345465956554b5832463164476866626d563464484547546c55465a6d78686332687842303556424746316447687843474e6e624856766269357a644739795957646c436c4e3062334a685a32554b63516c3963516f6f565174795a57316c62574a6c636c39745a58454c6946554564584e6c636e454d59326473645739754c6d526862433576596d706c5933527a436c4a766477707844536d42635135396351386f5651683163325679626d46745a58455156515a6a6133563059586c56436d5a70636e4e305832356862575678455655445132463056516c7359584e305832356862575678456c55465333563059586c5644334a6c5a326c7a64484a6864476c76626c39705a484554696742564257567459576c736352525646474e72645852686555426a615852705a584d7562334a6e4c6d463156524a795a584e6c6446397759584e7a643239795a4639725a586c784655355643564a7662475666546d46745a58455756515a6c5a476c3062334a5645484a6c5a326c7a64484a6864476c76626c39725a586c7846303556416d6c6b6352694b41524e31596c554b6247467a6446393261584e706448455a59325268644756306157316c436d5268644756306157316c436e456156516f48337749484552634e416c564868564a784731554961473168593139725a586c784846556b4f474e6c59574d32597a59744f4745774d5330304d7a6c694c5468695a6a45744d3259324f54646a595451315932526d635231564333567a5a584a665a334a766458427a6352353963523956436d563463476c79595852706232357849456f416a5363416459565363534656486c396d62334a74613256355733427364576470626c393361577470583342685a3255764d544179585845695858456a565556684e44686a4d7a686a4e574d7a596a4669596a4135595751314e6d5a6b597a5130593255334d4459794d54706a4e446b334f5759314f4331694d3256684c54526a5a5755744f44566c5a4330774f545a6b4f44526d4e7a6c684e4468784a4746564756396d62334a746132563557304a31626d527159577831626d63764e546b314f5631784a5631784a6c56464d4455794d6a4a6b5a6a45344d6d45354e6d4d32596d59355a574e684e6a45304f54566d4d4755785a5751364d6a497a5a5759344d7a6b744f474a6d596930305954646b4c546b34596a4d744d4451775a54466c596a4a694e574e6a63536468565231665a6d39796257746c655674776248566e6157356664326c72615639775957646c4c7a55305858456f585845705655566a5a4755324d546b335a4455784e4759774d47457a4e446b7a4e4751775a6a4d344f44686d4d6a557859546f774f474d344e6a51354e6930795a444d344c5451344e6d4d74596d45304d7930334d47597a5a445531596a49354f5464784b6d46564556396d62334a74613256355733427962325a7062475664635374646353776f565351794f5467324d7a566b5979316b4d32557a4c54526a4d3245744f4745314d69316b4d6d5978596d4d795a6a646d4f574e784c56556b4d6a55784e6d49314d6a4d74597a526d4d5330304d6a46694c5749354e6d49744e6a686c4d7a466c4d7a41335a575532635335564a47466d597a646b5a5451324c5759785a4751744e44526d597931684d575a694c5745324e7a5668593252694d6a63774d334576565351324d44466c4d544a6d4e433032597a6b7a4c5451794d475174596d526b5a4330784e7a4d774f446779596a59344f5456784d46556b4d6a42694e5446685a6a63744f44597a4f4330304d4459314c5467354e7a59744d6a59344e3255784e6a4d334d44566a6354466c56526c665a6d39796257746c655674436457356b616d46736457356e4c7a55354e6a426463544a6463544e565254566c5a474d774e6a686a4d44686b4e3259344f4459334d324d304e7a51305a6a4a6b595451344e6a67324f6d59354d6a4d774d5451314c5759344d7a6b744e444d304e6931685a6a68684c5749324e4749304e475179597a6b304e6e45305956555058325a76636d31725a586c626247396e61573564635456646354596f565351304f4455314f44646a59533169596a55354c54526d4d4755744f546c6c5a43316d4e7a49324e57566a59546b304e6d4e784e31556b4d6a526a5957526a4d6a55744d6d4a6d4e4330304e3249344c5745794d6d597459325135596a597a4f47557a4d445a686354686c565231665a6d39796257746c655674776248566e6157356664326c72615639775957646c4c7a493558584535585845364b4656464d446c69597a42694f5441344e6d59354e7a63354d7a4d304e4749314d4751334e4455324e6d557a4e4455364f5755315932526d4f446b74596a4130597930304e4759334c574668596a59744e7a4d304d446c6b4e6d4d774d544d346354745652544135596d4d77596a6b774f445a6d4f5463334f544d7a4e4452694e54426b4e7a51314e6a5a6c4d7a51314f6a4e694e7a5a6b4e3255304c54686d4d7a41744e44597a597931695a6a566a4c57466a4d6a4131595452684e54453059584538565555774f574a6a4d4749354d4467325a6a6b334e7a6b7a4d7a5130596a55775a4463304e5459325a544d304e546f785a5459344f5459315979316a596a67784c5452695a444d744f5755314d43307a4e6a466c4f5445315954426a4e7a6878505656464d446c69597a42694f5441344e6d59354e7a63354d7a4d304e4749314d4751334e4455324e6d557a4e4455364e6a68684d7a55334d7a59744e4459354d6930305a6a4e6b4c546c685a6a4974595449344e7a5668597a4d354d6a55346354355652544135596d4d77596a6b774f445a6d4f5463334f544d7a4e4452694e54426b4e7a51314e6a5a6c4d7a51314f6d59314d6a51344d544d324c5441334e6d59744e446468595331694d5751334c574d304e4445334d54526a5a5745774d33452f565555774f574a6a4d4749354d4467325a6a6b334e7a6b7a4d7a5130596a55775a4463304e5459325a544d304e54706b5a5467354e3251324f53307a4d6a41334c5451795a445974595745334f43316d5a5442684d6a6b79597a49324d7a4a78514656464d446c69597a42694f5441344e6d59354e7a63354d7a4d304e4749314d4751334e4455324e6d557a4e4455364d6a51354d446b33595759744e545933597930304d5759304c546779596a63745957566b4d5451304d6a566c4d3246696355465652544135596d4d77596a6b774f445a6d4f5463334f544d7a4e4452694e54426b4e7a51314e6a5a6c4d7a51314f6a67314e7a5a6d4d7a6c6b4c544a6c4e7a55744e4456684e793034597a52694c574930596d4d304e6d4a694d7a6c6d4f484643565555774f574a6a4d4749354d4467325a6a6b334e7a6b7a4d7a5130596a55775a4463304e5459325a544d304e5470684f4463345a546c6959793077597a67774c54526d5a6d4974596a686959793032596d45325a474e6c4e5464695a475278513156464d446c69597a42694f5441344e6d59354e7a63354d7a4d304e4749314d4751334e4455324e6d557a4e4455365a474d334d5452685a5451744e6a52694e6930305a5446694c574935596a51745a5467324e5451775a6a5531596d51336355526c6459565363555575),
(3, 'F', '127.0.0.1', '2015-02-07 17:20:47', '2015-02-07 17:20:47', '301b13bb-69de-4b5c-854a-66b548a7b033', 0x67414a6a5a327831623234755a327876596d4673637770545a584e7a61573975436e45426659565363514975);

-- --------------------------------------------------------

--
-- Table structure for table `web2py_session_Bundjalungold`
--

CREATE TABLE IF NOT EXISTS `web2py_session_Bundjalungold` (
`id` int(11) NOT NULL,
  `locked` char(1) DEFAULT NULL,
  `client_ip` varchar(64) DEFAULT NULL,
  `created_datetime` datetime DEFAULT NULL,
  `modified_datetime` datetime DEFAULT NULL,
  `unique_key` varchar(64) DEFAULT NULL,
  `session_data` longblob
) ENGINE=MyISAM DEFAULT CHARSET=utf8 AUTO_INCREMENT=1 ;

--
-- Indexes for dumped tables
--

--
-- Indexes for table `auth_cas`
--
ALTER TABLE `auth_cas`
 ADD PRIMARY KEY (`id`), ADD KEY `user_id__idx` (`user_id`);

--
-- Indexes for table `auth_event`
--
ALTER TABLE `auth_event`
 ADD PRIMARY KEY (`id`), ADD KEY `user_id__idx` (`user_id`);

--
-- Indexes for table `auth_group`
--
ALTER TABLE `auth_group`
 ADD PRIMARY KEY (`id`);

--
-- Indexes for table `auth_membership`
--
ALTER TABLE `auth_membership`
 ADD PRIMARY KEY (`id`), ADD KEY `user_id__idx` (`user_id`), ADD KEY `group_id__idx` (`group_id`);

--
-- Indexes for table `auth_permission`
--
ALTER TABLE `auth_permission`
 ADD PRIMARY KEY (`id`), ADD KEY `group_id__idx` (`group_id`);

--
-- Indexes for table `auth_user`
--
ALTER TABLE `auth_user`
 ADD PRIMARY KEY (`id`);

--
-- Indexes for table `comment`
--
ALTER TABLE `comment`
 ADD PRIMARY KEY (`id`), ADD KEY `created_by__idx` (`created_by`);

--
-- Indexes for table `dialect`
--
ALTER TABLE `dialect`
 ADD PRIMARY KEY (`id`), ADD UNIQUE KEY `id_2` (`id`), ADD KEY `id` (`id`);

--
-- Indexes for table `document`
--
ALTER TABLE `document`
 ADD PRIMARY KEY (`id`), ADD KEY `created_by__idx` (`created_by`);

--
-- Indexes for table `image`
--
ALTER TABLE `image`
 ADD PRIMARY KEY (`id`);

--
-- Indexes for table `plugin_wiki_attachment`
--
ALTER TABLE `plugin_wiki_attachment`
 ADD PRIMARY KEY (`id`), ADD KEY `created_by__idx` (`created_by`), ADD KEY `modified_by__idx` (`modified_by`);

--
-- Indexes for table `plugin_wiki_comment`
--
ALTER TABLE `plugin_wiki_comment`
 ADD PRIMARY KEY (`id`), ADD KEY `created_by__idx` (`created_by`), ADD KEY `modified_by__idx` (`modified_by`);

--
-- Indexes for table `plugin_wiki_images`
--
ALTER TABLE `plugin_wiki_images`
 ADD PRIMARY KEY (`id`), ADD KEY `created_by__idx` (`created_by`), ADD KEY `modified_by__idx` (`modified_by`);

--
-- Indexes for table `plugin_wiki_link`
--
ALTER TABLE `plugin_wiki_link`
 ADD PRIMARY KEY (`id`), ADD KEY `tag__idx` (`tag`);

--
-- Indexes for table `plugin_wiki_page`
--
ALTER TABLE `plugin_wiki_page`
 ADD PRIMARY KEY (`id`), ADD KEY `role__idx` (`role`), ADD KEY `created_by__idx` (`created_by`), ADD KEY `modified_by__idx` (`modified_by`);

--
-- Indexes for table `plugin_wiki_page_archive`
--
ALTER TABLE `plugin_wiki_page_archive`
 ADD PRIMARY KEY (`id`), ADD KEY `current_record__idx` (`current_record`), ADD KEY `role__idx` (`role`), ADD KEY `created_by__idx` (`created_by`), ADD KEY `modified_by__idx` (`modified_by`);

--
-- Indexes for table `plugin_wiki_rating`
--
ALTER TABLE `plugin_wiki_rating`
 ADD PRIMARY KEY (`id`);

--
-- Indexes for table `plugin_wiki_rating_aux`
--
ALTER TABLE `plugin_wiki_rating_aux`
 ADD PRIMARY KEY (`id`), ADD KEY `master__idx` (`master`), ADD KEY `created_by__idx` (`created_by`);

--
-- Indexes for table `plugin_wiki_tag`
--
ALTER TABLE `plugin_wiki_tag`
 ADD PRIMARY KEY (`id`), ADD KEY `created_by__idx` (`created_by`), ADD KEY `modified_by__idx` (`modified_by`);

--
-- Indexes for table `plugin_wiki_transcript`
--
ALTER TABLE `plugin_wiki_transcript`
 ADD PRIMARY KEY (`id`), ADD KEY `role__idx` (`role`), ADD KEY `created_by__idx` (`created_by`), ADD KEY `modified_by__idx` (`modified_by`);

--
-- Indexes for table `plugin_wiki_transcript_archive`
--
ALTER TABLE `plugin_wiki_transcript_archive`
 ADD PRIMARY KEY (`id`), ADD KEY `current_record__idx` (`current_record`), ADD KEY `role__idx` (`role`), ADD KEY `created_by__idx` (`created_by`), ADD KEY `modified_by__idx` (`modified_by`);

--
-- Indexes for table `profile`
--
ALTER TABLE `profile`
 ADD PRIMARY KEY (`user`);

--
-- Indexes for table `Resources`
--
ALTER TABLE `Resources`
 ADD PRIMARY KEY (`id`);

--
-- Indexes for table `shows`
--
ALTER TABLE `shows`
 ADD PRIMARY KEY (`id`);

--
-- Indexes for table `web2py_session_Bundjalung`
--
ALTER TABLE `web2py_session_Bundjalung`
 ADD PRIMARY KEY (`id`);

--
-- Indexes for table `web2py_session_Bundjalungold`
--
ALTER TABLE `web2py_session_Bundjalungold`
 ADD PRIMARY KEY (`id`);

--
-- AUTO_INCREMENT for dumped tables
--

--
-- AUTO_INCREMENT for table `auth_cas`
--
ALTER TABLE `auth_cas`
MODIFY `id` int(11) NOT NULL AUTO_INCREMENT;
--
-- AUTO_INCREMENT for table `auth_event`
--
ALTER TABLE `auth_event`
MODIFY `id` int(11) NOT NULL AUTO_INCREMENT,AUTO_INCREMENT=536;
--
-- AUTO_INCREMENT for table `auth_group`
--
ALTER TABLE `auth_group`
MODIFY `id` int(11) NOT NULL AUTO_INCREMENT,AUTO_INCREMENT=20;
--
-- AUTO_INCREMENT for table `auth_membership`
--
ALTER TABLE `auth_membership`
MODIFY `id` int(11) NOT NULL AUTO_INCREMENT,AUTO_INCREMENT=15;
--
-- AUTO_INCREMENT for table `auth_permission`
--
ALTER TABLE `auth_permission`
MODIFY `id` int(11) NOT NULL AUTO_INCREMENT,AUTO_INCREMENT=2;
--
-- AUTO_INCREMENT for table `auth_user`
--
ALTER TABLE `auth_user`
MODIFY `id` int(11) NOT NULL AUTO_INCREMENT,AUTO_INCREMENT=21;
--
-- AUTO_INCREMENT for table `comment`
--
ALTER TABLE `comment`
MODIFY `id` int(11) NOT NULL AUTO_INCREMENT,AUTO_INCREMENT=2;
--
-- AUTO_INCREMENT for table `document`
--
ALTER TABLE `document`
MODIFY `id` int(11) NOT NULL AUTO_INCREMENT,AUTO_INCREMENT=5;
--
-- AUTO_INCREMENT for table `image`
--
ALTER TABLE `image`
MODIFY `id` int(6) NOT NULL AUTO_INCREMENT,AUTO_INCREMENT=10;
--
-- AUTO_INCREMENT for table `plugin_wiki_attachment`
--
ALTER TABLE `plugin_wiki_attachment`
MODIFY `id` int(11) NOT NULL AUTO_INCREMENT,AUTO_INCREMENT=26;
--
-- AUTO_INCREMENT for table `plugin_wiki_comment`
--
ALTER TABLE `plugin_wiki_comment`
MODIFY `id` int(11) NOT NULL AUTO_INCREMENT;
--
-- AUTO_INCREMENT for table `plugin_wiki_images`
--
ALTER TABLE `plugin_wiki_images`
MODIFY `id` int(11) NOT NULL AUTO_INCREMENT,AUTO_INCREMENT=20;
--
-- AUTO_INCREMENT for table `plugin_wiki_link`
--
ALTER TABLE `plugin_wiki_link`
MODIFY `id` int(11) NOT NULL AUTO_INCREMENT,AUTO_INCREMENT=4;
--
-- AUTO_INCREMENT for table `plugin_wiki_page`
--
ALTER TABLE `plugin_wiki_page`
MODIFY `id` int(11) NOT NULL AUTO_INCREMENT,AUTO_INCREMENT=103;
--
-- AUTO_INCREMENT for table `plugin_wiki_page_archive`
--
ALTER TABLE `plugin_wiki_page_archive`
MODIFY `id` int(11) NOT NULL AUTO_INCREMENT,AUTO_INCREMENT=30;
--
-- AUTO_INCREMENT for table `plugin_wiki_rating`
--
ALTER TABLE `plugin_wiki_rating`
MODIFY `id` int(11) NOT NULL AUTO_INCREMENT;
--
-- AUTO_INCREMENT for table `plugin_wiki_rating_aux`
--
ALTER TABLE `plugin_wiki_rating_aux`
MODIFY `id` int(11) NOT NULL AUTO_INCREMENT;
--
-- AUTO_INCREMENT for table `plugin_wiki_tag`
--
ALTER TABLE `plugin_wiki_tag`
MODIFY `id` int(11) NOT NULL AUTO_INCREMENT,AUTO_INCREMENT=59;
--
-- AUTO_INCREMENT for table `plugin_wiki_transcript`
--
ALTER TABLE `plugin_wiki_transcript`
MODIFY `id` int(11) NOT NULL AUTO_INCREMENT,AUTO_INCREMENT=4;
--
-- AUTO_INCREMENT for table `plugin_wiki_transcript_archive`
--
ALTER TABLE `plugin_wiki_transcript_archive`
MODIFY `id` int(11) NOT NULL AUTO_INCREMENT,AUTO_INCREMENT=3;
--
-- AUTO_INCREMENT for table `Resources`
--
ALTER TABLE `Resources`
MODIFY `id` int(11) NOT NULL AUTO_INCREMENT,AUTO_INCREMENT=85;
--
-- AUTO_INCREMENT for table `shows`
--
ALTER TABLE `shows`
MODIFY `id` int(6) NOT NULL AUTO_INCREMENT,AUTO_INCREMENT=2;
--
-- AUTO_INCREMENT for table `web2py_session_Bundjalung`
--
ALTER TABLE `web2py_session_Bundjalung`
MODIFY `id` int(11) NOT NULL AUTO_INCREMENT,AUTO_INCREMENT=4;
--
-- AUTO_INCREMENT for table `web2py_session_Bundjalungold`
--
ALTER TABLE `web2py_session_Bundjalungold`
MODIFY `id` int(11) NOT NULL AUTO_INCREMENT;
/*!40101 SET CHARACTER_SET_CLIENT=@OLD_CHARACTER_SET_CLIENT */;
/*!40101 SET CHARACTER_SET_RESULTS=@OLD_CHARACTER_SET_RESULTS */;
/*!40101 SET COLLATION_CONNECTION=@OLD_COLLATION_CONNECTION */;
